prop_black,mean_b,mean_g,mean_r,std_b,std_g,std_r,prop_dark_otsu,label
0.01959228515625,76.43121337890625,79.03887939453125,82.43927001953125,61.00484383658201,62.12721748128512,61.61866666360708,0.71014404296875,1
0.33624267578125,80.94903564453125,82.75372314453125,81.81658935546875,71.11894318590909,71.74657653632762,71.64925480116884,0.68658447265625,1
0.190185546875,63.83624267578125,67.311767578125,70.57275390625,59.50198060355467,61.28093899877008,61.18649713358741,0.76654052734375,1
0.36920166015625,58.7567138671875,61.94122314453125,65.68365478515625,56.47378567182814,58.19112313226599,57.90194167747271,0.74884033203125,1
0.597900390625,59.87457275390625,63.49237060546875,65.6658935546875,62.52785768173779,64.49293233136937,64.65465986922425,0.73345947265625,1
0.00079345703125,79.62255859375,83.70819091796875,94.1136474609375,59.37453736576741,59.625452380512286,57.574838985920074,0.73760986328125,1
0.6173095703125,60.64141845703125,61.7503662109375,62.6763916015625,59.70463101541788,60.57054627891386,60.25603039118075,0.7366943359375,1
0.314208984375,73.38916015625,75.62225341796875,78.14501953125,64.08305916047529,66.33000914137993,66.18435511443532,0.69189453125,1
0.099609375,89.02813720703125,91.5772705078125,92.65185546875,68.52809359036344,69.41699802790468,69.01024791903227,0.6387939453125,1
0.44195556640625,65.76849365234375,66.70556640625,68.97509765625,61.484673252345694,63.33033284203004,62.90655070089452,0.74591064453125,1
0.28448486328125,67.75830078125,71.454345703125,74.41534423828125,61.39668881864807,63.69188137117037,64.04405345245378,0.7308349609375,1
0.64996337890625,48.99066162109375,52.3807373046875,53.72772216796875,52.490754144942855,53.58076268517584,53.560278113893816,0.78118896484375,1
0.62164306640625,55.83172607421875,57.545166015625,58.9130859375,55.04798880152602,57.16211365384228,56.77433046074654,0.748046875,1
0.0196533203125,77.7969970703125,81.7647705078125,85.2281494140625,64.84123056676285,66.44397247764046,66.1323769632228,0.7232666015625,1
0.46826171875,70.56097412109375,71.80682373046875,72.44091796875,65.85454696069775,67.47752609679561,66.28947490323328,0.73046875,1
0.49554443359375,69.75518798828125,70.56744384765625,71.67803955078125,63.58283030626035,64.54043777026472,64.10974185067778,0.7020263671875,1
0.39764404296875,70.40838623046875,72.1912841796875,73.00189208984375,61.84462168949886,63.54109388821567,63.91083941217808,0.7178955078125,1
0.2044677734375,63.336181640625,64.60687255859375,68.61273193359375,57.27320801149473,58.116368261418785,58.08187232754853,0.7469482421875,1
0.614013671875,55.88592529296875,58.440673828125,60.45263671875,53.73929978112035,56.458566423465186,56.70800046965564,0.73052978515625,1
0.02947998046875,80.77667236328125,84.02301025390625,84.23297119140625,61.66214366361633,62.37206746708064,61.86328692251624,0.70318603515625,1
0.1507568359375,54.3192138671875,56.623779296875,58.13525390625,41.973489668228325,42.30025511722761,42.76529123150244,0.84552001953125,1
0.11846923828125,69.49273681640625,72.51361083984375,74.597412109375,57.808189839161535,58.97249309379894,58.962242603831946,0.75177001953125,1
0.22479248046875,71.51849365234375,72.99176025390625,77.02130126953125,64.27980692941804,65.91921394084763,65.76304749541967,0.71368408203125,1
0.5618896484375,57.40081787109375,59.12872314453125,59.30120849609375,52.9064662098269,54.50011284374527,54.28536778696539,0.77496337890625,1
0.1171875,65.482421875,67.9296875,69.82867431640625,51.882196023797114,53.231379589009514,52.872028724420275,0.74920654296875,1
0.51971435546875,59.059326171875,60.2659912109375,61.722412109375,56.89014775904485,58.273013205184796,58.469235163357304,0.75323486328125,1
0.06549072265625,73.5947265625,76.708740234375,79.8487548828125,56.393088938303045,58.127244007211694,58.30476926508801,0.68267822265625,1
0.56689453125,58.1219482421875,62.248291015625,64.98504638671875,57.25174645699664,59.42460610349836,59.26394081711582,0.726318359375,1
0.28070068359375,65.91815185546875,67.5648193359375,67.56890869140625,57.144525371072454,58.866359152405025,58.61350198438495,0.74530029296875,1
0.17852783203125,63.1268310546875,65.02154541015625,67.57452392578125,53.61541132782921,55.08944774709997,54.26779628621943,0.77801513671875,1
0.5858154296875,63.654052734375,66.03790283203125,67.269775390625,63.703226163314575,65.53945664513986,65.25716368084274,0.70623779296875,1
0.29669189453125,57.21038818359375,57.9674072265625,61.11181640625,52.543546969354836,53.5897699161346,53.671262705945985,0.7984619140625,1
0.3243408203125,57.9114990234375,58.35394287109375,60.74365234375,51.12297859121752,52.959722500728404,52.90028031091031,0.79296875,1
0.24603271484375,60.46588134765625,62.6219482421875,65.91986083984375,56.718978632283545,58.62006614627294,58.4456951228968,0.77166748046875,1
0.617919921875,59.77325439453125,62.83319091796875,64.26702880859375,58.71724623045117,61.1645026242601,60.96515035191652,0.73175048828125,1
0.0751953125,65.25213623046875,69.40216064453125,71.48541259765625,51.62765853737465,52.18344691146881,52.91032136118274,0.74188232421875,1
0.0299072265625,69.64166259765625,72.05767822265625,75.88775634765625,56.05976359916587,57.29294650835607,57.02901567965076,0.765625,1
0.46551513671875,75.88775634765625,77.32171630859375,77.64154052734375,66.91705863107825,68.39676710969745,68.2500812762066,0.6868896484375,1
0.45562744140625,72.5958251953125,73.03009033203125,75.7733154296875,65.46300203848979,66.63760716600049,66.97244565779894,0.684326171875,1
0.28692626953125,62.63214111328125,64.44927978515625,67.0982666015625,55.24225540191352,56.85942859229785,57.11753200914446,0.7537841796875,1
0.59686279296875,59.69439697265625,62.3939208984375,64.50262451171875,59.292998908662454,61.14348480851332,61.50053883740878,0.72784423828125,1
0.207275390625,72.4735107421875,75.0555419921875,79.06097412109375,62.43879449576878,63.28355872369649,62.93379345643097,0.6983642578125,1
0.16278076171875,62.371337890625,64.54925537109375,66.5562744140625,50.29423604609229,51.51649003749594,51.79509218450392,0.778076171875,1
0.59735107421875,59.70611572265625,60.25177001953125,61.90008544921875,59.43369320830724,60.79318068994444,60.265049460828756,0.7781982421875,1
0.23211669921875,67.3145751953125,68.35284423828125,71.5987548828125,60.84625915686185,63.00384858862725,62.96037582663348,0.74530029296875,1
0.5816650390625,55.8502197265625,57.86181640625,59.97454833984375,53.28694894788382,55.81468773726572,55.769872782024095,0.7313232421875,1
0.377685546875,59.44366455078125,60.31640625,63.07891845703125,55.44660649688389,57.05079168093023,57.381771156328874,0.78582763671875,1
0.08502197265625,68.21209716796875,71.06689453125,71.84112548828125,54.39642176491479,55.30519498658784,54.72099501572153,0.7723388671875,1
0.46795654296875,73.39581298828125,75.00457763671875,75.01519775390625,63.42281914907748,64.82058446175266,64.82309592737998,0.693115234375,1
0.62445068359375,59.0848388671875,60.53875732421875,62.7935791015625,59.971259837260185,62.70666193471647,62.66613850259764,0.71533203125,1
0.34857177734375,66.190673828125,67.30126953125,69.989013671875,60.19092868880622,61.0345575888609,60.632605647306995,0.70855712890625,1
0.255859375,73.228271484375,76.33160400390625,79.48553466796875,65.81697750483237,67.69389261865966,67.86146911151364,0.70428466796875,1
0.45623779296875,61.69573974609375,62.694580078125,63.5792236328125,57.79982138352526,58.93163809594403,58.73378119697496,0.7657470703125,1
0.05548095703125,73.80615234375,77.440673828125,80.513916015625,64.13136939340735,65.96912856605509,65.40126893432198,0.72381591796875,1
0.25439453125,61.4932861328125,65.334228515625,67.55853271484375,51.09880593144325,53.09097127339514,53.22460324255638,0.720947265625,1
0.19317626953125,74.25555419921875,76.56884765625,79.35980224609375,61.90077439944092,63.64837293433139,63.18870352974088,0.69195556640625,1
0.1673583984375,76.4984130859375,78.25982666015625,79.62762451171875,61.014329551078745,61.688165344129345,61.739732952693814,0.673095703125,1
0.2432861328125,62.99005126953125,64.5589599609375,67.56512451171875,56.98462101629192,57.93715922644826,58.20977547582889,0.75830078125,1
0.134033203125,70.2874755859375,72.1175537109375,72.3214111328125,57.81887738789871,58.911474813645555,58.737030778951144,0.75140380859375,1
0.19830322265625,69.20599365234375,72.32745361328125,73.35491943359375,58.15177882558742,59.32960960917612,59.26358128617968,0.72979736328125,1
0.4273681640625,63.07843017578125,66.992431640625,69.75347900390625,58.343952016392585,60.451244570014325,60.63471918996691,0.69171142578125,1
0.10064697265625,66.0992431640625,69.78900146484375,74.59075927734375,49.70655628494544,50.249506601559716,49.971811537110106,0.744873046875,1
0.15289306640625,75.97076416015625,77.34893798828125,76.6204833984375,62.18893538114226,63.01733359631243,62.38195305341532,0.72393798828125,1
0.55877685546875,66.91107177734375,71.24267578125,72.664794921875,63.785120453620955,66.62842297483584,66.37098284731137,0.6927490234375,1
0.05718994140625,66.9105224609375,69.34796142578125,69.88946533203125,51.688033048004115,52.66964271907264,52.392423045096855,0.79254150390625,1
0.18115234375,58.27264404296875,60.79840087890625,60.72137451171875,47.75490115851385,48.827899448293444,48.56961636610445,0.79290771484375,1
0.24029541015625,73.044677734375,77.68402099609375,78.08245849609375,63.150650968673624,64.9143023452329,64.34916217608735,0.705078125,1
0.4210205078125,61.16143798828125,62.40234375,65.91644287109375,55.83698305375633,57.93038537909875,57.76264669039037,0.74249267578125,1
0.271240234375,63.18792724609375,65.17291259765625,66.01739501953125,55.58227948918123,56.80733931424742,56.70494303067868,0.76025390625,1
0.322265625,64.04205322265625,66.0421142578125,66.85430908203125,56.89769358880624,58.27212611913158,58.14994804178152,0.75714111328125,1
0.52825927734375,61.9962158203125,62.99920654296875,63.46795654296875,58.977670234300724,60.239134757265724,59.75844379711372,0.7611083984375,1
0.45751953125,59.118408203125,59.5350341796875,63.536865234375,55.681536340721216,56.28184314086396,56.28128998070313,0.76434326171875,1
0.6695556640625,56.8233642578125,56.8433837890625,57.8353271484375,58.26815516437683,58.980649780338204,58.883896057268565,0.78521728515625,1
0.614501953125,57.74127197265625,58.9901123046875,60.40924072265625,58.28249530123376,60.04843849518524,59.76616270231698,0.73150634765625,1
0.42974853515625,59.28704833984375,60.83258056640625,64.16131591796875,55.36681159679618,57.53123714634272,57.5015702496768,0.7611083984375,1
0.55224609375,67.16180419921875,68.8824462890625,69.20977783203125,63.81736065571242,64.76137067203224,64.87007372011068,0.71966552734375,1
0.3094482421875,52.35321044921875,53.76220703125,56.8714599609375,44.80120816041091,45.02579796987862,45.316225126161164,0.7904052734375,1
0.46136474609375,71.42230224609375,72.22625732421875,73.25335693359375,65.49529084762726,66.9011915088141,66.26548928754775,0.71337890625,1
0.17755126953125,69.98553466796875,73.4287109375,75.6871337890625,62.43558573792483,63.8896824558933,63.87280329276492,0.72943115234375,1
0.538330078125,64.47198486328125,68.1529541015625,69.3404541015625,59.94456114979221,61.83729551623005,61.64357117633531,0.6951904296875,1
0.66192626953125,49.427978515625,51.61151123046875,53.15869140625,49.56706550551145,52.50213924967586,52.37026462452018,0.76434326171875,1
0.117919921875,76.093017578125,78.587890625,78.639404296875,59.93346135601524,60.387532988791754,60.28860925818212,0.711181640625,1
0.424560546875,68.65496826171875,71.13018798828125,70.09393310546875,62.173282046735,63.69301188131622,62.631005491968416,0.71990966796875,1
0.40570068359375,62.02587890625,66.28936767578125,68.91278076171875,56.59865634110185,59.3814198358317,58.55908159990221,0.7149658203125,1
0.2725830078125,61.131591796875,63.16485595703125,65.0562744140625,53.71404382385946,54.56399766839303,54.43223466918244,0.776123046875,1
0.108154296875,77.740478515625,81.02447509765625,83.45245361328125,60.966146369041034,62.4140498779001,62.44763869201379,0.69305419921875,1
0.3756103515625,64.505126953125,65.18316650390625,68.1796875,57.37695073518178,58.03701827764061,58.31035476778143,0.72149658203125,1
0.3043212890625,79.24969482421875,79.56610107421875,83.56610107421875,71.87123355385903,72.28552868323766,72.28552868323766,0.6851806640625,1
0.15679931640625,64.32952880859375,66.19342041015625,71.07861328125,57.97240337310633,58.772288434783114,58.061725654407105,0.74981689453125,1
0.27398681640625,74.15545654296875,76.6551513671875,77.10137939453125,65.78750111896706,66.76458631393179,66.40525854444874,0.71368408203125,1
0.476318359375,50.07122802734375,53.2684326171875,55.90960693359375,47.15043548796596,48.36517119529654,48.37741177664248,0.7965087890625,1
0.29437255859375,80.36859130859375,80.94927978515625,84.61737060546875,69.53544451756832,70.50595385859684,69.9366143230361,0.6671142578125,1
0.60906982421875,61.14935302734375,63.046630859375,65.11627197265625,60.6424344359439,63.40790872627417,63.51009042513515,0.71246337890625,1
0.4661865234375,70.19854736328125,71.864013671875,72.99359130859375,65.68868428061832,66.95560317688926,66.9875532868193,0.7181396484375,1
0.49615478515625,65.82318115234375,67.21917724609375,69.202392578125,61.48533331716156,63.09830806271879,63.02935342909391,0.7298583984375,1
0.059326171875,79.2908935546875,81.7540283203125,81.5662841796875,60.96199808111118,61.74233861634659,61.511584679366685,0.7127685546875,1
0.1268310546875,78.29156494140625,80.92144775390625,80.29376220703125,63.892932117354825,64.98781056043637,64.75674656542263,0.69415283203125,1
0.4556884765625,65.728759765625,69.25408935546875,70.9676513671875,60.99211325188338,62.79053818974664,62.46293571656379,0.71368408203125,1
0.35870361328125,61.3267822265625,64.31231689453125,69.2811279296875,54.65192169019394,56.09124345595072,56.72182602107653,0.72479248046875,1
0.3558349609375,64.31243896484375,64.09027099609375,66.77557373046875,54.224173238844465,55.359595223196585,55.2851604091263,0.71337890625,1
0.1396484375,61.4884033203125,63.37103271484375,64.01202392578125,51.85216329309,52.583544420346435,52.79302562039495,0.8006591796875,1
0.6558837890625,56.5838623046875,56.5274658203125,57.99822998046875,55.429357035877004,56.79639229956338,56.367373715837935,0.76708984375,1
0.4971923828125,59.04144287109375,61.4036865234375,63.6031494140625,54.8942124838923,57.412093138623526,57.09350501831626,0.74420166015625,1
0.4710693359375,60.8394775390625,61.7828369140625,65.131103515625,57.82555797734335,59.324227538220896,59.42243396687717,0.74951171875,1
0.66229248046875,48.7808837890625,50.4542236328125,51.820556640625,50.59315487412654,52.2936290282677,52.03957471207455,0.78814697265625,1
0.6026611328125,61.884521484375,63.0972900390625,63.3653564453125,58.38866583936896,59.9958977477824,59.92000637585022,0.74810791015625,1
0.634033203125,52.86248779296875,55.1815185546875,56.55316162109375,53.91828623835515,56.36796666767996,56.176923938722766,0.7303466796875,1
0.65496826171875,55.395263671875,56.55126953125,57.74713134765625,54.715179531112604,55.90489127532114,55.55224864411267,0.762451171875,1
0.2518310546875,64.07794189453125,65.79168701171875,66.03192138671875,56.15091069812711,56.96026941416332,56.96141395502344,0.78228759765625,1
0.222412109375,68.01190185546875,69.97216796875,72.50494384765625,57.08836324689225,58.58578138970324,58.74940554030841,0.738037109375,1
0.40838623046875,73.57855224609375,75.55517578125,75.70660400390625,64.58442918096104,65.79733423142072,65.81610875181609,0.6884765625,1
0.57733154296875,66.23846435546875,69.0147705078125,70.0029296875,62.14771680117321,64.95549502980079,65.09467163752052,0.6805419921875,1
0.27471923828125,61.1297607421875,62.811279296875,65.6197509765625,54.45637999634236,55.366673503894354,55.17748299288556,0.7623291015625,1
0.31195068359375,62.32025146484375,63.41033935546875,63.33514404296875,56.16591949509715,57.11342447195873,57.007095015302646,0.7828369140625,1
0.3453369140625,74.9454345703125,77.06207275390625,79.448974609375,67.39764701675522,69.08604390117173,68.82146380878942,0.6873779296875,1
0.4544677734375,64.99151611328125,66.123291015625,67.93768310546875,61.32783430501355,62.750994525775475,63.383791040788275,0.75604248046875,1
0.35162353515625,62.03021240234375,63.69940185546875,63.20623779296875,56.23021898545435,57.3810455151163,56.84522643299827,0.791748046875,1
0.23883056640625,73.07421875,74.54815673828125,73.7918701171875,60.70687013362572,61.51710235455205,60.95905381892632,0.71478271484375,1
0.6148681640625,59.12158203125,60.30145263671875,61.76361083984375,59.98632850456939,62.11574757275854,61.75627985961067,0.7078857421875,1
0.12396240234375,71.791259765625,73.36669921875,74.4710693359375,57.71607674148179,58.356896738237744,57.44108006158726,0.71392822265625,1
0.56353759765625,60.71044921875,61.079345703125,63.67742919921875,57.17313812311755,58.84337184691308,58.63322223234891,0.7427978515625,1
0.68756103515625,47.55926513671875,48.71099853515625,49.443359375,51.18049930518405,52.79114339014144,52.51510747888923,0.7686767578125,1
0.44635009765625,68.75860595703125,70.47015380859375,70.8515625,62.81475736700872,64.43700717277724,64.02100647459028,0.7069091796875,1
0.50457763671875,69.890625,70.86798095703125,73.76861572265625,66.65963606319889,67.78393580559123,68.13433396411949,0.71392822265625,1
0.55230712890625,70.25787353515625,72.155517578125,74.01666259765625,65.67390359977725,67.52945218877247,67.15613387171808,0.68389892578125,1
0.52520751953125,56.48211669921875,60.07489013671875,62.1585693359375,54.696217363355466,56.76641479772132,56.24892904626397,0.74017333984375,1
0.28326416015625,62.47564697265625,64.0931396484375,66.93731689453125,58.26795690976192,59.731216539618245,59.54313602657379,0.76837158203125,1
0.17572021484375,71.42144775390625,74.3819580078125,74.94781494140625,57.31597425447766,58.26141780260184,58.571712721365685,0.6865234375,1
0.631103515625,51.07696533203125,53.17578125,54.24310302734375,51.2934933269837,53.316282328231694,52.73469717531336,0.76507568359375,1
0.10321044921875,65.37286376953125,67.71746826171875,70.75732421875,55.983669175113825,56.09451229057656,55.47994336945285,0.77911376953125,1
0.64520263671875,54.71429443359375,57.63018798828125,57.71630859375,56.70190198947347,58.6628313129379,58.848836100614236,0.7398681640625,1
0.38470458984375,60.27130126953125,62.3126220703125,62.803955078125,52.70453963058526,53.739020925024455,53.99938755604243,0.7406005859375,1
0.17205810546875,70.874755859375,72.80511474609375,72.65179443359375,59.325489739660405,60.05014421323881,59.882352558187414,0.73919677734375,1
0.39990234375,61.56317138671875,64.8426513671875,68.931396484375,58.85668951765349,60.72933211796166,60.128371629436664,0.7276611328125,1
0.3201904296875,59.56597900390625,60.99627685546875,64.45928955078125,53.12919369746654,54.77542751346379,54.514898854822356,0.77764892578125,1
0.513916015625,71.244384765625,74.432861328125,76.89276123046875,65.31557889507549,67.25205208747808,67.30753384755141,0.66168212890625,1
0.54132080078125,62.33319091796875,64.171630859375,65.33551025390625,60.58592798536092,62.04577983071238,62.30846270896659,0.7479248046875,1
0.50836181640625,63.65057373046875,65.57537841796875,66.50555419921875,60.36740161014939,61.51839062020685,61.48981149258029,0.73284912109375,1
0.357177734375,70.06390380859375,72.144775390625,73.02001953125,62.66902149913238,63.90400486618841,63.99256254544297,0.69769287109375,1
0.543701171875,62.79486083984375,64.03094482421875,63.94671630859375,57.73182373807525,58.596077719896364,58.4948104686749,0.7467041015625,1
0.5926513671875,59.87896728515625,62.153076171875,62.378662109375,58.755710011811566,60.563749707420726,60.46813265808166,0.693115234375,1
0.36151123046875,65.13848876953125,65.82305908203125,68.36785888671875,60.91412651145613,62.23758487216661,62.023789260524815,0.756103515625,1
0.3240966796875,65.22589111328125,66.62982177734375,66.40350341796875,58.77445830698195,60.35035641446538,60.02887460269355,0.75994873046875,1
0.355224609375,55.7435302734375,57.54827880859375,59.01043701171875,52.04599330946062,53.61026292816473,53.15458000898951,0.8072509765625,1
0.58624267578125,64.75,65.4327392578125,65.63128662109375,61.723119900677716,63.24693701217671,62.81564416225017,0.73876953125,1
0.66033935546875,49.5677490234375,52.26739501953125,53.73260498046875,53.162796066946676,54.6867564360273,54.88984749308096,0.7882080078125,1
0.3748779296875,68.34637451171875,69.8748779296875,72.32098388671875,62.94985822988385,64.99202057193028,65.1514756502342,0.7249755859375,1
0.49725341796875,65.923828125,67.72222900390625,68.46075439453125,62.37547210331224,63.59281559519527,63.770239762084174,0.741943359375,1
0.2869873046875,67.8243408203125,69.8311767578125,70.4427490234375,56.34911756276749,57.38720096546265,57.43551405759382,0.71478271484375,1
0.2728271484375,73.13763427734375,75.99737548828125,79.74444580078125,62.008446215177365,63.3252773573814,63.05727386484533,0.65777587890625,1
0.15667724609375,69.185791015625,71.67059326171875,71.92431640625,60.14754322753248,60.965178605752016,60.81407178982262,0.74169921875,1
0.63916015625,58.8809814453125,59.3800048828125,60.46636962890625,58.07095517195873,59.394428405246174,58.926766916508456,0.76507568359375,1
0.63299560546875,53.98126220703125,56.3299560546875,58.16632080078125,56.08064852193855,58.38497193080896,58.26367015348852,0.75689697265625,1
0.24951171875,72.34637451171875,74.95172119140625,74.95367431640625,62.65487711081916,63.643934058922575,63.50529774533781,0.7200927734375,1
0.5242919921875,76.2978515625,77.375244140625,76.9853515625,67.13838888434678,68.71896893751337,68.48592415166532,0.6571044921875,1
0.156494140625,62.46954345703125,64.9600830078125,67.74639892578125,53.25759234805391,54.52517868595478,54.53857808453972,0.75836181640625,1
0.53875732421875,67.67669677734375,69.74090576171875,71.36956787109375,65.08964036720198,66.2247810679651,65.97204333737274,0.69647216796875,1
0.6468505859375,54.49798583984375,56.61724853515625,57.6190185546875,57.277438420357505,58.8601168227721,58.59999545559829,0.75616455078125,1
0.28839111328125,70.1259765625,71.4365234375,71.25048828125,59.89351613833932,61.35851057787655,61.107989666890276,0.71466064453125,1
0.21307373046875,68.724609375,70.18218994140625,73.04229736328125,60.002740129844064,62.10376014469983,62.26687757911577,0.73675537109375,1
0.0029296875,84.13018798828125,89.76708984375,94.51641845703125,58.76561840944702,59.00415294182735,56.68131382457168,0.72637939453125,1
0.588134765625,67.95733642578125,69.34307861328125,68.42413330078125,66.21232676370742,67.346192746407,66.7895316219766,0.72149658203125,1
0.4661865234375,76.78790283203125,78.14019775390625,80.26202392578125,69.25150359129123,71.06217403426747,71.07796361960558,0.66754150390625,1
0.4998779296875,64.19171142578125,67.65045166015625,68.287109375,61.76093832736741,63.59644839208412,63.64851346613662,0.70330810546875,1
0.592041015625,56.48028564453125,58.969482421875,59.7530517578125,55.44805491594251,57.45995269232292,57.05374815623471,0.7152099609375,1
0.67340087890625,51.86285400390625,52.54278564453125,52.48199462890625,52.19451489211689,52.9499540347227,52.89416686835361,0.81317138671875,1
0.34710693359375,57.7452392578125,60.3992919921875,61.9381103515625,50.68444055088729,51.43436721063165,51.327376590277495,0.76287841796875,1
0.62542724609375,59.21563720703125,62.6593017578125,63.71697998046875,60.41257037476844,62.381609658102725,62.47388254897212,0.74420166015625,1
0.237060546875,63.707275390625,64.43145751953125,66.594970703125,56.815178281877316,58.62894829600441,58.57909620176422,0.77008056640625,1
0.410888671875,63.7342529296875,65.09564208984375,64.4439697265625,58.4654610878369,59.69335761958146,59.31589706636954,0.7694091796875,1
0.623779296875,55.7755126953125,57.22491455078125,60.14923095703125,57.78537599334473,59.48097768131687,59.58969312312476,0.7633056640625,1
0.2913818359375,68.8328857421875,70.35748291015625,72.8162841796875,61.165279637850084,63.18484130945473,63.314030386714975,0.727783203125,1
0.2503662109375,64.34771728515625,66.65374755859375,66.76641845703125,50.8591158155277,51.99521715317106,51.858105708279254,0.701171875,1
0.59063720703125,61.7020263671875,62.8551025390625,64.0987548828125,60.128593121223,61.22680624185273,61.623117272936284,0.73529052734375,1
0.61114501953125,54.10467529296875,57.56207275390625,59.51654052734375,55.531035387678244,57.20160818547388,57.122277268989635,0.75115966796875,1
0.5843505859375,66.37408447265625,67.63323974609375,67.7005615234375,64.9737468749901,65.42244555893832,65.32606905008332,0.724609375,1
0.609375,59.644775390625,61.016845703125,62.287109375,58.1430523634006,59.460282785382034,59.31007523398933,0.74005126953125,1
0.60369873046875,58.0147705078125,59.39691162109375,58.662841796875,57.347367917171326,58.27232981110554,57.78141031557644,0.78997802734375,1
0.45751953125,68.159423828125,70.227783203125,70.01513671875,60.938166855806806,62.01079338044103,61.840695512467214,0.7000732421875,1
0.21917724609375,69.29852294921875,71.44879150390625,72.60552978515625,58.37573969658122,59.212097167150866,58.9122114124356,0.72344970703125,1
0.260498046875,67.07208251953125,68.61749267578125,70.02862548828125,58.338535786593575,59.43117604996619,59.2749689725326,0.73907470703125,1
0.23199462890625,79.17559814453125,80.07330322265625,79.56549072265625,67.67512087256185,68.64971421565755,68.16957299021588,0.70123291015625,1
0.6318359375,59.862548828125,61.57806396484375,61.4263916015625,60.56331957123759,61.842080177066876,61.704018825563985,0.74114990234375,1
0.60809326171875,55.226318359375,58.4578857421875,60.6888427734375,55.755315449727725,57.027011262196304,57.01686768590158,0.7440185546875,1
0.5224609375,55.6187744140625,56.60345458984375,56.935791015625,54.959954607077336,56.14317147612736,56.086854583664596,0.79229736328125,1
0.15374755859375,74.6668701171875,77.78680419921875,80.5782470703125,63.36386282710203,64.47959698187529,64.739941231648,0.70849609375,1
0.52276611328125,65.16015625,68.03271484375,69.12603759765625,62.6283076282749,64.98203368026715,64.74509660919608,0.70599365234375,1
0.44610595703125,69.4937744140625,73.47210693359375,75.347412109375,63.28863641545785,65.30210146964527,65.1454064578665,0.6844482421875,1
0.4024658203125,55.17486572265625,57.55047607421875,59.25665283203125,53.03854293554013,53.81897387758563,53.82999462398581,0.79022216796875,1
0.5760498046875,60.890380859375,62.64501953125,62.8013916015625,59.5021577967735,60.794294588323055,60.50202054684575,0.75189208984375,1
0.43035888671875,77.37408447265625,79.35455322265625,81.56097412109375,70.46813774516934,72.79908146554563,72.60574819412325,0.6707763671875,1
0.362548828125,63.13043212890625,66.4466552734375,67.57366943359375,55.43565598732376,56.76376451537843,56.66312973227601,0.7091064453125,1
0.19403076171875,57.93170166015625,59.76910400390625,59.53948974609375,47.658472395771284,48.72966918835954,48.52220696227286,0.820556640625,1
0.49627685546875,76.33380126953125,78.2978515625,79.5848388671875,68.71366202353877,70.24932860328518,70.05105824576093,0.66180419921875,1
0.38507080078125,62.091796875,64.166748046875,65.23358154296875,55.25547352601134,55.58928279876483,55.54782605299298,0.7139892578125,1
0.35711669921875,72.01837158203125,73.067138671875,74.73223876953125,64.42208792019002,65.89346785289106,65.73708728149954,0.70166015625,1
0.58880615234375,63.33721923828125,64.6982421875,64.55975341796875,61.91505463701752,62.82197831033466,62.711272550632124,0.7490234375,1
0.25,62.10699462890625,63.24212646484375,64.99493408203125,54.861304970866456,55.53679281979304,55.08537329274731,0.7791748046875,1
0.29156494140625,79.47760009765625,80.81103515625,80.46630859375,65.73780844523093,66.6156564838342,66.36794731868234,0.66015625,1
0.65838623046875,52.71875,55.40460205078125,55.3489990234375,55.863526943598224,57.51991040993738,57.396678370467484,0.75299072265625,1
0.08184814453125,79.03326416015625,81.51568603515625,80.68829345703125,64.01332090556566,64.2910480959552,63.73226388287599,0.71478271484375,1
0.62451171875,57.21624755859375,59.846923828125,59.60479736328125,59.82014916623617,61.475480855350305,61.09877799748606,0.73046875,1
0.5535888671875,66.4814453125,68.43023681640625,68.989013671875,63.26285629639448,64.3498928306564,64.39418802629798,0.72064208984375,1
0.540771484375,58.375732421875,60.77813720703125,62.72308349609375,58.0420490250815,60.00968678353627,59.44983392142505,0.76416015625,1
0.168701171875,64.27227783203125,65.99481201171875,66.282958984375,51.48224481591775,52.15731055073257,51.703161714574804,0.78729248046875,1
0.23345947265625,69.63909912109375,70.97930908203125,72.45684814453125,58.611856053099004,59.226339381019976,59.177902454327764,0.7279052734375,1
0.1983642578125,65.873291015625,67.856689453125,69.620849609375,53.13586455549435,54.183774689718845,53.852070099167626,0.71923828125,1
0.64642333984375,56.99481201171875,59.3155517578125,59.893798828125,61.954959658670056,63.7607827303965,62.982259140398256,0.73883056640625,1
0.4254150390625,58.480224609375,60.86920166015625,62.2213134765625,55.00470038995407,55.89603293393302,55.89364088726153,0.74713134765625,1
0.10748291015625,75.54217529296875,79.11517333984375,80.4107666015625,61.419405028200174,62.359908261972556,62.37015493690655,0.7218017578125,1
0.640625,52.15911865234375,53.54071044921875,53.40399169921875,50.873433263504,51.983881195835714,51.7738948946516,0.80072021484375,1
0.59423828125,51.24151611328125,53.57061767578125,53.88714599609375,53.30493844333275,54.70117367859434,54.607612595033586,0.8017578125,1
0.6513671875,57.5867919921875,59.39166259765625,59.22528076171875,57.69693082413563,59.29260406489426,59.02158050970472,0.76953125,1
0.309814453125,56.65386962890625,59.0928955078125,60.6480712890625,49.21088856777012,49.68717239784709,49.8437039448337,0.774169921875,1
0.58941650390625,62.44775390625,65.51434326171875,67.4122314453125,64.05725839710517,65.40265375724132,65.39801695675581,0.733642578125,1
0.49945068359375,76.95489501953125,79.24676513671875,80.05987548828125,66.70263805173127,68.52091597326292,68.41461886610107,0.6455078125,1
0.31671142578125,71.84222412109375,73.6968994140625,73.3763427734375,63.90963905923888,65.0418185426244,64.73312356912278,0.71807861328125,1
0.54791259765625,64.71990966796875,66.04827880859375,65.93426513671875,62.53570448192323,63.61609654763032,63.440580765110184,0.7625732421875,1
0.45635986328125,54.362060546875,57.75830078125,58.87255859375,50.07676495864022,51.742772502952946,51.91147761055748,0.76025390625,1
0.31964111328125,56.72711181640625,57.73760986328125,59.10302734375,49.56735112123678,50.414670247093596,50.37959913883672,0.8033447265625,1
0.47589111328125,63.07861328125,64.67822265625,64.37841796875,59.04387662431229,60.36472277116401,60.05149656165158,0.744384765625,1
0.59814453125,63.77972412109375,65.053955078125,66.05364990234375,61.3848990912857,62.66537900282974,62.65217988735266,0.71832275390625,1
0.45184326171875,70.84539794921875,72.43011474609375,72.51702880859375,63.47795113529422,64.55939344562425,64.32177869062646,0.7093505859375,1
0.236328125,67.4171142578125,68.84881591796875,70.2822265625,57.6960701759037,59.02523859606634,58.755740132841865,0.75164794921875,1
0.3983154296875,74.759765625,76.03155517578125,77.097412109375,65.78859651185573,67.07168646942547,66.84368449872674,0.68829345703125,1
0.5643310546875,68.164794921875,71.604736328125,72.527587890625,66.24682750258431,69.12493654656903,68.64896585763222,0.677001953125,1
0.32391357421875,78.2135009765625,80.2115478515625,79.9720458984375,67.64391269115754,68.9571651351987,68.68227096945274,0.67926025390625,1
0.16156005859375,72.8997802734375,75.34588623046875,76.76873779296875,56.781381913290645,57.53608797828089,57.65539715424962,0.69842529296875,1
0.58697509765625,65.05255126953125,67.79071044921875,68.5283203125,64.65568065228426,66.99014316584214,66.85846888781106,0.68377685546875,1
0.19073486328125,78.58868408203125,80.76983642578125,82.85577392578125,68.95466656712651,70.80214623820477,70.54052530333173,0.69122314453125,1
0.52069091796875,71.1937255859375,73.1217041015625,72.90472412109375,65.25788083010676,66.60472606215559,66.32235798064154,0.68035888671875,1
0.58587646484375,53.26397705078125,53.95733642578125,55.38165283203125,50.019928462191494,51.37383047478031,51.27055402244203,0.77734375,1
0.43292236328125,59.33331298828125,61.6248779296875,62.6610107421875,54.26678953914113,55.23906699691965,55.05661661915589,0.75311279296875,1
0.32208251953125,73.8355712890625,75.7435302734375,77.6146240234375,64.48333904937641,66.11641174466665,65.64404798714,0.6842041015625,1
0.55841064453125,66.498291015625,68.21893310546875,68.06939697265625,63.34881325355717,64.40582529907901,64.22302681909565,0.7252197265625,1
0.43902587890625,62.2513427734375,64.25,65.92205810546875,57.03225436319119,58.599973627807096,58.17761682449259,0.75372314453125,1
0.52557373046875,69.78155517578125,71.81134033203125,73.47979736328125,64.81288572030972,66.59693113156914,66.75392502254807,0.68939208984375,1
0.630615234375,58.68463134765625,59.49951171875,60.43267822265625,57.82120473433189,58.95059048815547,58.946555416857656,0.77056884765625,1
0.39093017578125,61.997802734375,63.8900146484375,63.07611083984375,55.983162621677145,56.67775604393285,55.80679457655304,0.7698974609375,1
0.5745849609375,57.41522216796875,59.1341552734375,58.91412353515625,54.9550810021564,55.97252696478466,55.76326093632184,0.77349853515625,1
0.45098876953125,58.47210693359375,60.696044921875,60.77569580078125,55.33353085621691,56.301475092919254,56.120477334039414,0.76763916015625,1
0.094970703125,83.09375,84.93768310546875,85.429931640625,65.14757042758531,66.59034838437408,66.15211184798602,0.6837158203125,1
0.35882568359375,68.73211669921875,70.634521484375,71.48748779296875,58.1707645254105,59.95605971336887,59.793289877235495,0.702392578125,1
0.20294189453125,74.435791015625,77.32403564453125,76.8868408203125,61.61444531395986,62.397727208323495,62.22477889141905,0.71661376953125,1
0.606689453125,51.661865234375,54.01776123046875,54.50482177734375,51.054041774200776,52.57735525502316,52.2747747614453,0.76397705078125,1
0.28729248046875,70.10748291015625,72.8092041015625,73.9647216796875,59.82720465358803,60.85439925304149,60.80364987768356,0.695068359375,1
0.477294921875,63.18896484375,64.54327392578125,67.18670654296875,63.486256935116096,65.0547054755902,64.67401536340083,0.76788330078125,1
0.64044189453125,51.8570556640625,54.00048828125,56.3101806640625,53.6789019374082,56.05995020814509,55.888367509854675,0.7696533203125,1
0.5775146484375,61.34930419921875,62.3536376953125,63.96490478515625,61.40269945010563,62.94902035785201,62.89472658415351,0.75091552734375,1
0.66204833984375,51.46478271484375,53.2598876953125,53.874755859375,53.048903265501295,55.227894442905956,55.12668459939219,0.790283203125,1
0.26129150390625,75.3238525390625,78.0399169921875,79.92529296875,64.62298433904539,66.18817035479213,66.29320550851239,0.67279052734375,1
0.5103759765625,59.96453857421875,60.8607177734375,62.43035888671875,53.91332630010124,54.94424339899428,55.08921571597547,0.73583984375,1
0.357177734375,70.56884765625,71.55950927734375,71.81103515625,61.09306482384512,62.73527006408036,62.25371247638581,0.7279052734375,1
0.09625244140625,67.06475830078125,69.2099609375,69.7557373046875,56.48848440458749,57.27674460083068,56.97376086877672,0.7725830078125,1
0.6583251953125,53.749755859375,55.6939697265625,56.22540283203125,53.599808330491214,55.52778634529959,55.49146794205478,0.76385498046875,1
0.3543701171875,75.62896728515625,77.693359375,77.42242431640625,65.56870701863511,66.94374270495646,66.68194764096954,0.67938232421875,1
0.6273193359375,55.76776123046875,57.35272216796875,57.61883544921875,55.688398370784064,56.46509688880439,56.38850603191229,0.7623291015625,1
0.11029052734375,66.7528076171875,68.69488525390625,71.1707763671875,52.69516185048981,54.218183608456584,53.603653744939905,0.7530517578125,1
0.443115234375,69.2755126953125,71.43804931640625,71.754638671875,62.33955692337859,64.05056154006128,63.508781557577024,0.71282958984375,1
0.38702392578125,61.95355224609375,63.6468505859375,63.825927734375,57.54869374441255,58.58514034531632,58.38230365861701,0.7703857421875,1
0.01715087890625,66.718994140625,69.35150146484375,72.22930908203125,54.25890547912789,55.19309626160566,55.083859124041425,0.80755615234375,1
0.421630859375,68.7784423828125,72.17999267578125,74.085205078125,63.40665705817157,65.50586107036727,65.29531727366135,0.720947265625,1
0.58917236328125,60.2257080078125,60.83428955078125,61.596435546875,56.21506908666614,57.29855757950239,56.97204312846937,0.73638916015625,1
0.10626220703125,83.10601806640625,85.5731201171875,86.49859619140625,63.03487283460691,63.92959937998957,63.67744989383955,0.65570068359375,1
0.190185546875,70.84637451171875,73.31561279296875,73.24578857421875,59.0310681929636,59.59609788563191,59.25268404874744,0.73980712890625,1
0.282958984375,61.71160888671875,64.89031982421875,65.245361328125,52.72232290055726,53.67436192423609,53.39304485815461,0.76226806640625,1
0.3333740234375,64.84930419921875,66.68157958984375,66.20281982421875,59.30451044594044,60.03149492845185,59.685765185503485,0.77423095703125,1
0.08367919921875,78.93096923828125,81.30560302734375,82.3128662109375,61.483948599919394,62.30405948235704,62.123281780248185,0.6845703125,1
0.49755859375,61.64373779296875,64.7384033203125,65.96832275390625,60.30025655840423,61.538887840058,61.214408185502364,0.732421875,1
0.140625,69.8721923828125,72.83935546875,75.319580078125,57.6814902677615,58.7762580447312,58.37644740593357,0.739990234375,1
0.0302734375,72.8458251953125,75.335693359375,79.0565185546875,54.65879634803109,55.25865564629363,53.701326790055674,0.71795654296875,1
0.26422119140625,77.41607666015625,79.08282470703125,79.02471923828125,65.90582057291036,66.86572959204513,66.91075498461815,0.70513916015625,1
0.552734375,61.56512451171875,63.59564208984375,62.63909912109375,60.417944637240005,61.919282670730595,61.60854727814618,0.72723388671875,1
0.23486328125,72.4766845703125,75.60205078125,76.49871826171875,59.82257962959451,61.052596318900896,60.63915446327735,0.6995849609375,1
0.38482666015625,68.11932373046875,71.99261474609375,72.27288818359375,62.65415253371831,64.41680800053318,64.46388968673207,0.71014404296875,1
0.59246826171875,57.26776123046875,58.61737060546875,59.54205322265625,56.352153515007096,57.54003695729802,57.59042812146793,0.76849365234375,1
0.33349609375,69.9547119140625,71.59002685546875,71.56463623046875,63.81728813118715,65.11803211171845,64.87908184179453,0.74029541015625,1
0.37872314453125,75.22015380859375,75.6143798828125,75.49859619140625,67.12808187739944,69.44229107891879,69.14926586529324,0.70294189453125,1
0.5201416015625,48.3721923828125,51.07958984375,51.69317626953125,48.11583996812265,49.20107582891249,49.10742158578365,0.83074951171875,1
0.33245849609375,70.69415283203125,71.64794921875,71.02093505859375,61.25920610015742,62.08608416046412,61.666779849577765,0.73919677734375,1
0.519775390625,70.91656494140625,72.1785888671875,73.26190185546875,66.32584789979057,67.41936347843125,67.02334014152603,0.70831298828125,1
0.64593505859375,55.97344970703125,58.20977783203125,57.76641845703125,58.48413676868316,59.98162153096434,59.43365990252391,0.75726318359375,1
0.61614990234375,60.164794921875,62.66143798828125,62.7857666015625,61.87027930111344,63.436474839950634,62.813880795987735,0.7392578125,1
0.08465576171875,70.610595703125,73.7777099609375,75.3831787109375,55.58321244670137,56.11175417217999,56.27549465864769,0.77703857421875,1
0.13525390625,71.88983154296875,73.8798828125,74.38043212890625,59.36854618807247,59.89213612255122,59.75516849220672,0.767333984375,1
0.1046142578125,83.66571044921875,86.08563232421875,87.1483154296875,66.9088015555046,68.1190708688164,67.71323812070376,0.68206787109375,1
0.5267333984375,68.83245849609375,70.04071044921875,70.16473388671875,65.4590298471943,66.30206065760309,66.11675426311803,0.71417236328125,1
0.17913818359375,67.578369140625,69.71630859375,69.4775390625,58.18580246312495,59.16686350449428,58.66335955513756,0.77093505859375,1
0.4664306640625,60.71893310546875,63.897705078125,64.2869873046875,58.353195103971856,59.973268048985965,59.7843366264532,0.765869140625,1
0.48565673828125,62.572265625,63.7171630859375,64.0693359375,57.57067584397953,58.08759892427863,57.979270247781415,0.73992919921875,1
0.54388427734375,62.1197509765625,65.2930908203125,65.7642822265625,60.91873962450296,62.931086837464406,62.928464770262934,0.72467041015625,1
0.2999267578125,71.396484375,73.2127685546875,72.4039306640625,62.920852808183795,63.77047785420048,63.44603390243016,0.732177734375,1
0.01971435546875,67.20703125,71.041015625,75.18426513671875,51.87847300474168,52.713551697473925,52.34142293308591,0.77288818359375,1
0.212646484375,79.18878173828125,81.8101806640625,83.23095703125,66.87165728817412,67.62604138571558,67.60141490768954,0.68017578125,1
0.11431884765625,64.33197021484375,67.10284423828125,68.13348388671875,51.47460395116023,51.98907338735644,52.09731815090706,0.77899169921875,1
0.0474853515625,66.11846923828125,68.46417236328125,71.00567626953125,48.70749414654458,48.95943903357155,49.04405161221575,0.75787353515625,1
0.2755126953125,71.03717041015625,75.53033447265625,77.04241943359375,59.60872908972846,60.546259535060926,59.874538994717405,0.6929931640625,1
0.47674560546875,57.83056640625,59.2548828125,60.07427978515625,55.56359939217004,56.52944886905755,56.04544544972453,0.779052734375,1
0.0413818359375,69.37017822265625,71.67266845703125,74.95489501953125,57.81105143301324,58.9152924927832,58.13492001382124,0.77142333984375,1
0.38006591796875,76.5792236328125,78.45428466796875,77.68682861328125,67.62834169613454,68.4469830398452,67.97137482252785,0.6917724609375,1
0.326171875,61.88970947265625,63.18798828125,64.68231201171875,54.879698924702424,55.69537934625547,55.200102871796766,0.7666015625,1
0.06884765625,78.68817138671875,81.4703369140625,83.86920166015625,65.5225287526848,66.62267928785181,66.1327975944856,0.702392578125,1
0.2978515625,67.72125244140625,69.14239501953125,69.94073486328125,56.35933924047368,57.233815555945654,56.69886416072394,0.7529296875,1
0.29351806640625,61.71417236328125,63.9039306640625,65.56439208984375,58.45059202714551,59.229443701181616,59.05616185524444,0.78570556640625,1
0.5743408203125,64.65826416015625,67.8096923828125,69.2711181640625,64.004530565612,66.1305972849834,65.88469064766102,0.7197265625,1
0.25982666015625,69.37371826171875,71.248046875,70.80889892578125,58.01172952004578,59.01068325627829,58.45498916441148,0.69940185546875,1
0.58270263671875,55.0859375,57.841796875,58.73486328125,56.048368546276336,57.78046934550519,57.277010211859285,0.77752685546875,1
0.06085205078125,75.17437744140625,78.4609375,79.453125,60.96064404427733,61.89317175159677,61.66702737788648,0.7386474609375,1
0.15728759765625,66.8857421875,67.6722412109375,69.33905029296875,55.151087593359456,56.3385695583347,55.886720565993976,0.7412109375,1
0.40106201171875,77.3153076171875,79.6138916015625,78.52587890625,68.51443980626215,69.55829682797979,68.95467979360402,0.67626953125,1
0.20330810546875,65.00408935546875,65.539794921875,68.23114013671875,59.05699933360051,60.111519517218,59.98782920601877,0.76776123046875,1
0.5848388671875,65.91412353515625,68.50347900390625,67.95001220703125,64.0153276074552,65.50780914658644,65.21710571380332,0.7027587890625,1
0.32684326171875,66.64788818359375,68.19696044921875,69.10614013671875,59.88769175884424,61.52970028075902,60.950555703939514,0.7562255859375,1
0.23052978515625,69.089111328125,70.588134765625,70.279296875,58.35160480895598,58.9083785742526,58.83694423512739,0.75830078125,1
0.278076171875,62.04510498046875,65.61138916015625,66.30242919921875,55.35179663600546,57.0585373048509,56.756840076471654,0.7752685546875,1
0.25079345703125,75.27783203125,77.0146484375,79.455322265625,67.77292250731648,69.47315975990182,68.99996784415049,0.70281982421875,1
0.450927734375,68.4031982421875,70.12579345703125,70.8924560546875,65.86169853942282,67.16553135556734,66.26381162576469,0.715576171875,1
0.3939208984375,74.46612548828125,76.39752197265625,75.70758056640625,66.90544320200351,67.91149795077395,67.47815945238791,0.70050048828125,1
0.2625732421875,78.36004638671875,81.80511474609375,82.80078125,67.68624798947258,68.91799198928729,68.61054737650554,0.67425537109375,1
0.04119873046875,70.09344482421875,72.98651123046875,75.60174560546875,58.5912572052935,59.35338217631696,58.82907763488078,0.77655029296875,1
0.57342529296875,65.43634033203125,67.53399658203125,67.58270263671875,63.83886059643735,64.86668131045714,64.50650154308919,0.6934814453125,1
0.52056884765625,65.72100830078125,68.13470458984375,69.1795654296875,63.160716481867595,65.46701113953935,65.35990341950071,0.70343017578125,1
0.57232666015625,65.4976806640625,69.02337646484375,69.15521240234375,64.42002744509607,66.18020260413597,65.99206323926387,0.70770263671875,1
0.2525634765625,75.385986328125,77.30560302734375,77.39752197265625,64.08757656233091,64.91870895448416,64.45535125861234,0.718505859375,1
0.53753662109375,69.49468994140625,73.41387939453125,73.51300048828125,66.17339668503142,67.68608630679113,67.69768381183587,0.69610595703125,1
0.1009521484375,80.476318359375,83.437255859375,82.9080810546875,63.602057586362406,64.2723656102805,63.72479183844232,0.7093505859375,1
0.03277587890625,70.912841796875,74.4786376953125,77.3927001953125,56.74075714697232,57.39503652303101,57.400847216447744,0.75897216796875,1
0.05181884765625,79.21136474609375,83.59649658203125,85.6329345703125,59.54818341224201,60.55479355421858,59.16576438346507,0.7694091796875,1
0.32574462890625,74.0233154296875,77.68560791015625,78.2650146484375,65.6394315853792,67.09033561334672,66.24718601519182,0.68536376953125,1
0.57171630859375,63.405517578125,64.91650390625,64.88720703125,62.0917859042796,63.696358299583274,62.731762456591824,0.70538330078125,1
0.45220947265625,64.662109375,66.6182861328125,65.89312744140625,60.05752625448662,61.372661357494685,60.95307887106023,0.74639892578125,1
0.387939453125,62.68426513671875,66.37774658203125,66.80865478515625,58.22649892633736,59.97070366639381,59.69380342040464,0.72955322265625,1
0.02020263671875,80.39739990234375,83.42047119140625,85.9935302734375,66.91953081185892,67.89562264669694,67.27654406250518,0.69818115234375,1
0.3155517578125,80.89727783203125,83.1827392578125,82.51953125,70.14868944096614,71.107604624718,70.6771791784039,0.65521240234375,1
0.42193603515625,63.13824462890625,64.518310546875,65.3134765625,54.418667292100785,55.93682267988367,55.39932053593438,0.71624755859375,1
0.38763427734375,56.7388916015625,59.95379638671875,61.53076171875,53.19890710282981,54.721335528324445,54.383340829442865,0.7802734375,1
0.339111328125,61.6446533203125,63.1400146484375,62.481201171875,57.185877267165885,58.34047908111355,57.91590952658485,0.8167724609375,1
0.30810546875,81.59234619140625,83.16546630859375,82.29144287109375,70.63913639297266,71.96789276588859,71.34723241485909,0.676025390625,1
0.25860595703125,72.85943603515625,74.5618896484375,74.94122314453125,65.51940597003546,66.62423104140802,65.96801278505065,0.73944091796875,1
0.02093505859375,82.5577392578125,85.3236083984375,85.088623046875,61.87863456943848,62.217455208989264,61.743300753585814,0.71588134765625,1
0.10968017578125,80.34173583984375,83.02203369140625,84.76177978515625,65.83662382321853,67.17914148854194,66.8755390359142,0.68682861328125,1
0.0478515625,73.718017578125,76.81524658203125,77.3294677734375,50.641322383886795,51.13166702271896,50.8300027589853,0.71820068359375,1
0.43157958984375,63.71234130859375,67.82672119140625,67.8358154296875,59.34793650514451,60.938052412090684,60.713849571205714,0.72662353515625,1
0.43719482421875,65.122802734375,68.72247314453125,69.48321533203125,59.992024677928484,61.20021049382939,60.96301418202461,0.70172119140625,1
0.1551513671875,77.47039794921875,78.89129638671875,79.26971435546875,61.31875905940838,62.340333846168996,61.88605938700258,0.7159423828125,1
0.22479248046875,75.850830078125,80.04852294921875,82.12054443359375,62.67863019327018,64.14596526578167,63.51642302540244,0.67364501953125,1
0.45703125,64.03436279296875,65.4403076171875,65.71002197265625,60.00840377637371,61.050556992422756,60.42477472474868,0.75274658203125,1
0.0491943359375,73.71136474609375,77.23577880859375,79.63031005859375,59.25993169614363,60.20145429531904,60.12658450153209,0.7325439453125,1
0.187255859375,78.02374267578125,79.74395751953125,78.87506103515625,64.42470574407871,65.38262108543907,64.37403255584628,0.72467041015625,1
0.45916748046875,71.7320556640625,75.475341796875,75.4620361328125,67.03070263305672,68.95932623075417,68.6570582647196,0.692138671875,1
0.57763671875,63.0909423828125,66.4342041015625,66.2625732421875,62.64862041289703,63.72099287985915,63.23577475300512,0.717529296875,1
0.3211669921875,71.1787109375,74.085693359375,73.07574462890625,63.546759135147916,64.41845738424156,63.966852664500955,0.72393798828125,1
0.212646484375,62.74969482421875,65.5,66.338623046875,51.46161917582737,52.547796091020196,52.167582112789404,0.81103515625,1
0.298828125,65.26190185546875,66.47796630859375,66.37762451171875,59.77823660805731,60.8136050441162,60.52674395029228,0.78521728515625,1
0.5902099609375,61.13653564453125,63.97930908203125,64.09649658203125,59.66777711700159,61.24710810385363,61.31674876518089,0.75006103515625,1
0.1240234375,65.00836181640625,67.56591796875,67.865966796875,53.9782704209631,54.74494015161774,54.708292734187225,0.76708984375,1
0.43316650390625,64.4508056640625,69.1385498046875,70.1376953125,61.80284636000644,63.403164532234676,62.661353906529605,0.74322509765625,1
0.24176025390625,75.38104248046875,77.02960205078125,76.1905517578125,64.73930601759488,65.5159057141899,64.98028035149467,0.72735595703125,1
0.07501220703125,84.86688232421875,87.76800537109375,86.6337890625,69.36683276036125,70.05409861450919,69.2338463778795,0.70831298828125,1
0.348388671875,73.77850341796875,76.6368408203125,78.34649658203125,63.09690122846955,64.99848030209694,64.0535197301887,0.69598388671875,1
0.20843505859375,67.925537109375,69.26171875,70.101806640625,58.454475702823494,59.63276273149862,59.18919642382848,0.7589111328125,1
0.268310546875,66.13079833984375,68.58941650390625,69.3470458984375,59.201978938641275,60.967398016478995,60.532473436944386,0.7515869140625,1
0.27886962890625,69.0916748046875,70.9005126953125,72.141845703125,61.18856448598206,62.353355226004226,62.121021092963716,0.724853515625,1
0.32794189453125,67.079345703125,71.2359619140625,72.30975341796875,61.404397659415615,63.675642992055245,63.45943038103084,0.730712890625,1
0.55364990234375,55.58404541015625,59.39862060546875,61.51568603515625,58.60005292634636,59.74187927417878,59.61610072675303,0.7930908203125,1
0.2249755859375,83.88751220703125,87.33636474609375,87.26873779296875,70.57526581484676,72.30902805291193,72.06498148791894,0.65380859375,1
0.12939453125,73.53533935546875,76.32269287109375,77.7198486328125,64.79699911940332,66.08828329692915,65.98401337498984,0.72686767578125,1
0.41937255859375,75.5928955078125,78.978271484375,79.34857177734375,68.50965829431874,69.92638265177338,69.40074757399462,0.67938232421875,1
0.01397705078125,76.02325439453125,80.02227783203125,81.2965087890625,54.959749865053325,55.744640072069764,55.51383266983337,0.764892578125,1
0.3631591796875,63.27642822265625,65.42767333984375,66.12200927734375,57.41101888054734,59.00396833770097,58.686764247300886,0.76171875,1
0.09967041015625,74.47784423828125,77.50079345703125,78.24322509765625,63.12931894523661,64.00193783195495,63.66434088285187,0.72589111328125,1
0.44561767578125,72.70819091796875,74.2718505859375,75.3031005859375,68.54790870187836,69.78841364646553,68.77551763762936,0.70867919921875,1
0.0445556640625,78.6248779296875,83.60845947265625,85.3472900390625,60.11701668051382,61.17720047236994,60.84845252580396,0.72296142578125,1
0.04876708984375,70.45794677734375,74.01678466796875,76.07904052734375,52.39329338271647,53.23622913755857,53.21478318632609,0.734130859375,0
0.07904052734375,79.7930908203125,82.91265869140625,85.8865966796875,61.51115531067402,62.71451468721451,62.099959632568435,0.664306640625,0
0.01446533203125,75.20916748046875,80.47650146484375,83.348388671875,54.764669984899555,55.35621890317605,54.688641392922,0.73321533203125,0
0.03057861328125,73.68487548828125,77.3056640625,79.50250244140625,53.961876876316765,54.3191350696536,54.11196475887668,0.74261474609375,0
6.103515625e-05,73.9422607421875,78.1297607421875,82.2242431640625,53.3650318301488,54.08347911267393,52.99200732189121,0.77801513671875,0
0.0,75.89923095703125,80.6429443359375,90.050537109375,56.82558412482289,58.02489869594462,54.858750928383806,0.70184326171875,0
0.04217529296875,65.7362060546875,71.76519775390625,74.9183349609375,48.095252501104945,48.51774333373511,47.95248269324952,0.79638671875,0
0.0,89.4188232421875,95.4539794921875,98.5096435546875,57.066815769690564,56.946200121559784,56.89777428445941,0.728271484375,0
0.04400634765625,64.1510009765625,68.0384521484375,70.7730712890625,47.69504979426012,48.224117804619745,47.94560865295527,0.7781982421875,0
0.07220458984375,70.97052001953125,75.046630859375,77.729736328125,52.85310174285808,53.602795322476105,53.52955525382837,0.708740234375,0
0.00189208984375,78.86041259765625,91.5841064453125,108.17938232421875,44.62077744187413,42.91927698876892,39.64871058661274,0.59686279296875,0
0.23516845703125,65.58978271484375,69.089599609375,69.61712646484375,55.8253939088632,56.77294375676179,56.36406037448904,0.743408203125,0
0.000732421875,82.8408203125,87.0960693359375,90.0760498046875,57.55691013262081,57.776392222271504,57.339945400196534,0.72674560546875,0
0.1827392578125,65.77825927734375,68.24835205078125,69.67010498046875,54.282451667912525,54.99555005497005,55.00081892890602,0.74322509765625,0
0.00714111328125,67.79620361328125,71.05706787109375,74.40338134765625,49.25523605713893,49.896868517843835,49.59570373428045,0.81719970703125,0
0.086669921875,84.80816650390625,88.67083740234375,90.34039306640625,67.57612355567697,68.436534947048,68.75913053177828,0.67529296875,0
0.0372314453125,77.395751953125,81.73992919921875,86.61932373046875,60.70252068168461,61.61942504095441,60.63058262095724,0.69677734375,0
0.1134033203125,71.80975341796875,74.6378173828125,75.5916748046875,56.684006017320435,57.1069728506587,56.930793538793644,0.7259521484375,0
0.00091552734375,79.5970458984375,85.2525634765625,87.62420654296875,57.00696277429492,57.5603638716266,57.177521777030606,0.73211669921875,0
0.07464599609375,68.017333984375,70.80181884765625,72.9677734375,51.07205739161751,52.19812269426051,52.062267280049326,0.749755859375,0
0.1099853515625,62.66259765625,64.85687255859375,67.47186279296875,50.49456264712129,51.74976138215263,51.38245497249723,0.7611083984375,0
0.1431884765625,58.33587646484375,62.23687744140625,65.04376220703125,47.978197023617746,49.07148086508697,49.24146277931413,0.7847900390625,0
0.1527099609375,58.2501220703125,61.232421875,64.41888427734375,48.984609872689916,50.49650270797062,49.950691138757406,0.77508544921875,0
0.08538818359375,72.97613525390625,76.5196533203125,79.0072021484375,56.04232042848556,56.61583168116605,56.302880498478345,0.7581787109375,0
0.0,84.34954833984375,96.127197265625,117.19366455078125,53.02397744071915,50.444182367472315,40.56706242877791,0.63720703125,0
0.07635498046875,84.08935546875,87.01397705078125,88.4755859375,64.41886550827826,65.08970100715355,65.43561597879143,0.68505859375,0
0.20989990234375,62.6221923828125,66.25933837890625,68.15216064453125,51.18783945322141,52.37478503416274,52.50113097711836,0.7274169921875,0
0.12823486328125,78.7467041015625,81.281982421875,82.56134033203125,59.469665910054175,60.13625237884022,59.378841545631104,0.68267822265625,0
0.0,80.9246826171875,90.12933349609375,116.0650634765625,54.43597910787011,52.43880183961235,41.28822849968808,0.75982666015625,0
0.14776611328125,72.64300537109375,77.28033447265625,77.99755859375,56.69564511883078,58.2063859320181,57.88019679941954,0.6981201171875,0
0.0379638671875,77.66986083984375,80.15643310546875,80.70281982421875,58.759544228321644,59.213412967549374,58.81276568963762,0.72613525390625,0
0.07470703125,69.4444580078125,73.42315673828125,75.19366455078125,49.96080339650879,51.454405668428954,51.14993595921323,0.70404052734375,0
0.0,88.60845947265625,96.91754150390625,118.741943359375,58.11891730790235,57.43520550972268,47.74227311431444,0.69940185546875,0
0.1092529296875,57.701416015625,61.71484375,63.8853759765625,43.16012590020402,43.60963234847705,43.487306158005765,0.78265380859375,0
0.1324462890625,70.903564453125,74.45880126953125,76.60906982421875,56.07140355711623,57.43880925405734,57.020694170926944,0.69781494140625,0
0.15869140625,71.71136474609375,75.12493896484375,75.978515625,57.63674299701089,58.8477521883236,58.388827301599456,0.69879150390625,0
0.1907958984375,62.65631103515625,66.25164794921875,68.87042236328125,50.590522649003645,52.2905615117298,52.29472862311238,0.74005126953125,0
0.0299072265625,64.69927978515625,69.16436767578125,72.49853515625,48.14719414637566,48.83360741587321,48.65753950004031,0.82354736328125,0
0.10693359375,61.245849609375,66.63018798828125,73.1273193359375,44.42950391052319,45.33259542883321,45.2003288404708,0.69476318359375,0
0.03521728515625,72.75909423828125,77.17449951171875,80.471435546875,55.49065156574857,56.80966591372461,56.333274205435906,0.73565673828125,0
0.0045166015625,74.27911376953125,79.39288330078125,82.04705810546875,51.218246291907555,52.09268028705483,52.166773296978064,0.709228515625,0
0.02056884765625,74.77105712890625,78.85491943359375,81.50543212890625,54.96087599681756,55.501214170350885,55.419391285477985,0.69842529296875,0
0.20648193359375,66.5126953125,70.17791748046875,71.76751708984375,53.90827065923805,55.58495770094853,55.75906830533054,0.72735595703125,0
0.4605712890625,58.60772705078125,61.61895751953125,62.64569091796875,55.47587094572935,56.78466176705794,56.40763298803338,0.75799560546875,0
0.0006103515625,79.96551513671875,83.41400146484375,87.0523681640625,53.142594464692216,53.139861678158574,51.801141102194414,0.7569580078125,0
0.1363525390625,72.80560302734375,74.93743896484375,76.45452880859375,57.280110849903025,58.0237845619054,57.71920265580871,0.6807861328125,0
0.236328125,66.719482421875,69.99847412109375,70.740478515625,55.51428629406961,56.50689653114786,56.60889440664689,0.70782470703125,0
0.1302490234375,78.26800537109375,84.52655029296875,89.62554931640625,60.94795793095201,63.41728263248271,65.10076218731352,0.6683349609375,0
0.3787841796875,67.2789306640625,69.29241943359375,71.12139892578125,57.77302880120042,59.25954338816724,59.14228631332429,0.6865234375,0
0.0347900390625,104.39794921875,124.02197265625,138.07598876953125,48.64974753528965,44.46523210144292,43.17940012709546,0.16680908203125,0
0.01171875,83.55029296875,85.611083984375,85.882080078125,60.77715309868797,60.900652835722255,60.83557390148691,0.69921875,0
0.174560546875,64.82275390625,68.8553466796875,70.854248046875,52.78045745624985,54.14027505502821,53.735979925881345,0.7198486328125,0
0.04913330078125,72.0614013671875,77.945068359375,80.54998779296875,55.3964032105079,56.65303234877841,57.153522105913815,0.67071533203125,0
0.03466796875,67.79547119140625,70.63800048828125,72.67901611328125,53.37519418233166,54.01427806758236,53.72774052264515,0.78668212890625,0
0.1319580078125,70.80328369140625,74.75250244140625,76.93218994140625,58.02990739947454,59.11551615548649,58.09661692713255,0.71453857421875,0
0.1041259765625,70.15948486328125,72.97900390625,74.2293701171875,53.08717648598544,53.85620003138262,53.84354597405597,0.7047119140625,0
0.0357666015625,83.89935302734375,89.161376953125,90.955078125,61.072347310601536,61.88354646199081,61.08984109612781,0.6875,0
0.32427978515625,60.23187255859375,62.61871337890625,63.23968505859375,52.03658129837163,52.870504332971244,53.01712609131924,0.7523193359375,0
0.21246337890625,61.486083984375,64.60174560546875,65.11676025390625,51.45911678118073,52.4231559491386,51.88164586901869,0.77264404296875,0
0.0054931640625,79.71209716796875,87.01507568359375,94.31591796875,58.8799629273201,59.10087691496883,55.664502086309085,0.70672607421875,0
0.11920166015625,79.41888427734375,83.5382080078125,83.838623046875,61.65252588161565,62.69334259063877,61.760060007795495,0.68255615234375,0
0.26220703125,63.51409912109375,64.8529052734375,66.79449462890625,53.67853439803507,54.637569562277086,54.526898702321525,0.75799560546875,0
0.07672119140625,70.99365234375,73.20733642578125,74.35833740234375,55.88915690988624,56.29606874236269,56.40099049292863,0.7637939453125,0
0.39520263671875,55.82568359375,57.84039306640625,59.61163330078125,48.705774305564375,50.50098962270781,50.25186431474676,0.78192138671875,0
0.04718017578125,65.54736328125,67.909912109375,71.04840087890625,47.55125681091631,48.55593700013444,48.41533554009917,0.74298095703125,0
0.36944580078125,55.516845703125,58.4417724609375,60.136474609375,48.15354606307669,49.22646792844216,48.98129403860846,0.76312255859375,0
0.38677978515625,65.97265625,69.24993896484375,69.98040771484375,59.197699790806574,60.359035995570984,59.99255564519302,0.71246337890625,0
0.01513671875,76.59967041015625,78.5758056640625,78.86309814453125,54.335422040049316,54.32139500831816,54.39512240429341,0.7525634765625,0
0.0537109375,71.07464599609375,75.1646728515625,76.28167724609375,51.258546417229766,51.586531871674325,51.2793700735107,0.7493896484375,0
0.3170166015625,60.005126953125,63.13525390625,64.98828125,53.66708355690119,55.39448388650913,55.29654372936057,0.7913818359375,0
0.06915283203125,74.09625244140625,77.1357421875,80.2620849609375,55.38663883416676,55.71584165709545,54.94351714371485,0.70703125,0
0.033935546875,89.0721435546875,92.7962646484375,93.8544921875,64.2457339171833,64.67978985385881,63.76053217483908,0.71136474609375,0
0.40234375,63.385498046875,66.19915771484375,67.37030029296875,56.70879259742195,58.146875686683174,58.04471331992472,0.7073974609375,0
0.3223876953125,59.48638916015625,62.848876953125,63.910400390625,51.05173932573246,51.99350393908614,51.9288855976132,0.74273681640625,0
0.16455078125,79.7825927734375,84.22564697265625,87.2337646484375,69.31297004966423,70.00331185626916,68.6942923633972,0.68280029296875,0
0.12603759765625,67.2794189453125,69.51873779296875,69.610107421875,49.62176445936614,49.90254188897648,49.889864888002535,0.7623291015625,0
0.04974365234375,68.7747802734375,73.2691650390625,76.17852783203125,51.18515031714598,52.07745519170696,51.74338112847052,0.731201171875,0
0.00018310546875,112.12310791015625,129.8634033203125,143.00799560546875,51.883339344835576,44.541749239690546,36.38774841083379,0.6668701171875,0
0.1348876953125,77.9534912109375,81.7147216796875,81.22705078125,59.00259370969722,59.61162891438914,59.55971441129678,0.695068359375,0
0.32379150390625,51.8450927734375,54.54864501953125,56.54083251953125,45.4688941990968,46.3511570790668,46.07354740201094,0.7967529296875,0
0.20123291015625,63.056396484375,66.52685546875,68.4832763671875,50.85106012199058,52.017788813083435,51.66275021117832,0.77239990234375,0
0.025634765625,72.3443603515625,77.5579833984375,79.82525634765625,53.33153620362812,53.60440908247899,52.89477383384212,0.7615966796875,0
0.04144287109375,78.45562744140625,79.9498291015625,80.922607421875,58.758607529539184,59.20383777010638,58.76351545534101,0.74578857421875,0
0.393310546875,62.8084716796875,65.8914794921875,66.66961669921875,55.617637429773175,56.55780963510927,56.571296274759305,0.7109375,0
0.02703857421875,72.7459716796875,77.00408935546875,77.85137939453125,56.626466298302525,56.91804835799134,56.506480756476385,0.73126220703125,0
0.0123291015625,90.10589599609375,113.65826416015625,131.55303955078125,40.388264007432966,36.75042817451652,35.10555886149554,0.23724365234375,0
0.2509765625,60.3079833984375,63.40936279296875,64.7369384765625,53.17545163859423,54.03198278615131,54.364572346053286,0.77703857421875,0
0.00335693359375,81.98883056640625,85.9017333984375,95.3282470703125,57.53020550679364,57.75195826566202,53.2324079009314,0.74786376953125,0
0.0064697265625,84.73492431640625,88.56231689453125,89.25018310546875,58.30050776019718,59.125068325502006,59.32506097825686,0.687255859375,0
0.1983642578125,64.69488525390625,68.43475341796875,70.35150146484375,53.09247955193075,54.755160293994514,54.7691147153273,0.72406005859375,0
0.3270263671875,63.0216064453125,65.65966796875,66.959228515625,53.88186288906403,55.27246758678269,55.24074439752158,0.71368408203125,0
0.00970458984375,67.2640380859375,71.142578125,72.3267822265625,45.836843492862535,46.51829837373296,46.209876498781654,0.80694580078125,0
0.14105224609375,66.01416015625,70.19366455078125,70.78173828125,52.834898815919125,53.78711501466094,53.81851867751881,0.72589111328125,0
0.2313232421875,57.43255615234375,60.2384033203125,60.8739013671875,48.39412213064892,49.397980211878235,49.105479458067386,0.78228759765625,0
0.04388427734375,65.78302001953125,70.0560302734375,71.103271484375,50.35959051362307,51.141791350347916,50.989095839903136,0.7694091796875,0
0.14105224609375,76.35284423828125,81.08941650390625,81.11077880859375,59.8938499936078,60.76296519877402,59.98649441935689,0.70306396484375,0
0.26068115234375,56.3863525390625,59.0919189453125,62.92755126953125,47.40426232110091,48.29289880843306,47.95000970157016,0.762451171875,0
0.14215087890625,66.68304443359375,70.7679443359375,73.18328857421875,54.6895942956932,55.38628427784515,54.226660189597624,0.7247314453125,0
0.17364501953125,64.4127197265625,66.5811767578125,67.0885009765625,53.32647067758475,53.46265172140259,53.3336479853094,0.78460693359375,0
0.23406982421875,56.762451171875,59.5328369140625,60.3038330078125,46.325726816591946,47.03533927258392,47.28934936571925,0.802734375,0
0.0697021484375,70.5577392578125,74.8360595703125,76.86505126953125,54.64644406359205,55.22142465314539,54.54293427179054,0.7060546875,0
0.13427734375,78.8779296875,83.97723388671875,87.27154541015625,60.72655187597149,62.11173860883851,62.304521891663825,0.61798095703125,0
0.0133056640625,76.27105712890625,87.92218017578125,100.346435546875,50.77168854413563,50.535297275618305,47.36305275836376,0.62518310546875,0
0.25469970703125,57.80572509765625,60.8681640625,60.75323486328125,47.64974252636341,48.148916816213486,47.8452383120334,0.7706298828125,0
0.150146484375,68.37530517578125,71.90277099609375,71.86773681640625,54.600075907377985,55.802216229031444,55.683077555745534,0.74072265625,0
0.14581298828125,74.57684326171875,77.99310302734375,79.00579833984375,55.90320901102472,56.76824427784251,56.73866431624007,0.6517333984375,0
0.3529052734375,66.847412109375,68.2265625,69.61676025390625,59.6508469605211,60.77925014785191,61.101076845277305,0.729736328125,0
0.34088134765625,68.970947265625,71.321533203125,73.1181640625,61.41717567943535,62.409476515809786,62.478159872730394,0.71124267578125,0
0.28424072265625,66.52978515625,69.5152587890625,69.14447021484375,57.189922391939206,58.016940141145255,57.780613587774226,0.73858642578125,0
0.0252685546875,67.28875732421875,71.8778076171875,80.23944091796875,56.46245084166604,57.58610410010242,54.837079852397395,0.71295166015625,0
0.0284423828125,73.50634765625,76.1414794921875,77.1044921875,52.586094388046256,53.05229747836542,52.7698498210176,0.770751953125,0
0.28466796875,71.14105224609375,73.88800048828125,74.42462158203125,60.004184337055015,60.868144366243364,60.918062258291194,0.67889404296875,0
0.09173583984375,76.89495849609375,81.3077392578125,81.59136962890625,56.06014412877912,56.817030456277045,56.516594383007664,0.69488525390625,0
0.31268310546875,71.89501953125,74.767333984375,74.958251953125,60.36618271212777,61.18752747000291,60.927837497326145,0.67138671875,0
0.2005615234375,74.754150390625,76.89849853515625,79.42645263671875,60.2758600441613,61.59730248579765,60.3964509315017,0.69354248046875,0
0.13006591796875,64.86968994140625,68.24346923828125,70.7454833984375,49.16481468667759,50.07395763252508,49.895659358926494,0.72222900390625,0
0.5369873046875,50.4305419921875,51.6937255859375,52.8673095703125,47.85263388901807,49.34164042837427,48.636871398773245,0.77728271484375,0
0.1224365234375,74.65283203125,76.85791015625,78.009033203125,58.8156368035287,59.475919176112704,58.99193177125467,0.73724365234375,0
0.07373046875,73.41180419921875,75.2955322265625,75.671142578125,54.86102523344589,55.442924794120486,55.25758889184207,0.74884033203125,0
0.08258056640625,64.66424560546875,69.064208984375,71.62432861328125,50.86391469699279,51.664522914545294,50.374698756596,0.7567138671875,0
0.27264404296875,66.35784912109375,68.601806640625,70.03424072265625,58.974869334738685,59.78723985492577,58.441024809593884,0.74749755859375,0
0.18994140625,68.50433349609375,71.34326171875,71.20367431640625,54.07861804320631,55.24231262365496,55.06164277918311,0.71710205078125,0
0.22808837890625,62.88775634765625,66.185791015625,67.3408203125,51.157833583988285,52.030449067214604,52.084555827734576,0.7406005859375,0
0.28021240234375,58.2039794921875,61.1856689453125,61.73486328125,48.98079650788107,49.849255913490666,49.34975017331707,0.775146484375,0
0.027099609375,65.79107666015625,68.93072509765625,69.83135986328125,44.28926567098158,44.2809194513026,44.20116772195907,0.8013916015625,0
0.2152099609375,64.19000244140625,67.58941650390625,67.3912353515625,54.64510718631899,55.65388942391306,55.5143761411149,0.7547607421875,0
0.106689453125,74.6038818359375,76.8922119140625,77.6939697265625,55.913563747161675,56.15944949401407,56.04387774919802,0.7430419921875,0
0.092529296875,61.16192626953125,63.98809814453125,67.696044921875,48.24868150218866,49.011010426370575,48.68429711045038,0.75286865234375,0
0.0550537109375,77.21343994140625,79.8577880859375,82.39874267578125,59.84828974729828,60.763287957999864,59.720225819686014,0.71173095703125,0
0.0831298828125,80.1207275390625,83.701416015625,84.81787109375,57.54988876898243,58.33241686549512,58.455724163335326,0.6580810546875,0
0.28076171875,72.57086181640625,80.7900390625,87.1470947265625,56.629799466247015,58.07822784997651,59.4511043419494,0.5269775390625,0
0.3521728515625,67.3917236328125,70.0081787109375,71.3739013671875,61.358775142358375,62.21282015551487,62.33534339870763,0.734130859375,0
0.1441650390625,78.9964599609375,85.29620361328125,90.11669921875,57.96484245731145,58.54705823164504,59.10888600481186,0.58026123046875,0
0.1302490234375,74.051025390625,78.37445068359375,78.5081787109375,58.01945503048535,58.770031567253945,58.17190904933948,0.7158203125,0
0.08203125,74.627685546875,78.2447509765625,78.44757080078125,56.388391434661614,57.15875865262883,56.7298504995607,0.70977783203125,0
0.107421875,78.0963134765625,81.1756591796875,83.48016357421875,58.81409507404067,59.693339891870195,58.50109630276673,0.6917724609375,0
0.1458740234375,72.9227294921875,90.3682861328125,101.84710693359375,45.572689253884526,48.6539956134386,51.15454740198227,0.389892578125,0
0.0146484375,82.852783203125,87.49005126953125,88.46356201171875,58.32478628661043,58.66284799604548,58.07088913096226,0.68316650390625,0
0.00531005859375,76.6072998046875,78.8214111328125,79.31683349609375,54.49275221870429,54.62816616575834,54.407466239929185,0.74853515625,0
0.09716796875,76.66839599609375,80.11822509765625,79.65631103515625,59.902586833876065,61.14441832624782,60.830773770875325,0.71978759765625,0
0.4019775390625,59.99462890625,63.1263427734375,64.729736328125,56.66674910871268,58.86565062611992,58.82669075715793,0.7314453125,0
0.1248779296875,70.08563232421875,74.2476806640625,75.36297607421875,52.59479493925901,52.83818885203816,52.167452865807654,0.71966552734375,0
0.2340087890625,66.70623779296875,69.515869140625,71.600830078125,54.547049064783295,55.14219006462747,55.737984046087526,0.71392822265625,0
0.26446533203125,73.09588623046875,76.27838134765625,76.63592529296875,59.29072574069363,60.244799530951184,59.53690984330419,0.6685791015625,0
0.4508056640625,55.03265380859375,57.81494140625,58.3741455078125,52.16820700304332,53.61550493586549,53.68669196407275,0.78265380859375,0
0.16851806640625,65.14532470703125,67.102294921875,69.14508056640625,57.77074346209437,58.44919071402066,57.501013781555145,0.77557373046875,0
0.30438232421875,69.0089111328125,71.8106689453125,74.0506591796875,61.24787080710816,62.19063998386971,61.90410160058571,0.7056884765625,0
0.24139404296875,59.08135986328125,61.54229736328125,62.08062744140625,49.72254841129981,50.02433531811289,50.00023955701273,0.76483154296875,0
0.000244140625,75.76129150390625,79.60406494140625,79.94000244140625,49.409496090310654,49.91158844118613,49.3613237724669,0.797119140625,0
0.03814697265625,61.98663330078125,65.98699951171875,68.0802001953125,45.16008449921106,45.35388885001302,45.142376367450424,0.78717041015625,0
0.00042724609375,91.53533935546875,93.647705078125,95.0562744140625,64.29321333860513,64.62542809643428,64.09901118236934,0.673095703125,0
0.01177978515625,79.01226806640625,87.24835205078125,97.17742919921875,56.680130906970085,55.99501149193139,52.810562564613754,0.68072509765625,0
0.1702880859375,79.28729248046875,82.5592041015625,82.95361328125,60.74185676874111,61.51498829483283,61.1932327947616,0.6632080078125,0
0.33843994140625,74.4681396484375,78.3494873046875,80.38909912109375,65.17652439028707,67.1998856841856,67.22021482465809,0.63623046875,0
0.039306640625,67.68121337890625,70.01458740234375,70.41448974609375,47.582344061624426,48.541958630208896,48.24344330357794,0.810302734375,0
0.10333251953125,66.76104736328125,69.78167724609375,70.41094970703125,51.041672081196914,51.768538428421664,51.91081458262102,0.7559814453125,0
0.44482421875,58.54052734375,60.64764404296875,60.5435791015625,52.427537353609274,53.49029330265224,53.32249416583054,0.755615234375,0
0.01214599609375,69.2431640625,73.84765625,77.14068603515625,49.552198371275196,49.45190050197096,49.872081680735775,0.7314453125,0
0.07867431640625,76.397705078125,79.3331298828125,82.00372314453125,60.744105452894736,61.71106052627886,59.941934984068446,0.72589111328125,0
0.30731201171875,59.10321044921875,60.9422607421875,60.681396484375,50.1504708941397,50.959898125480564,50.33596047166001,0.7886962890625,0
0.21453857421875,60.2376708984375,63.532470703125,64.18475341796875,49.445386261055475,50.25255352798628,49.623265618923824,0.7674560546875,0
0.34649658203125,61.0145263671875,63.3094482421875,63.7120361328125,52.36951240009514,53.85362076336622,53.47823818735706,0.7474365234375,0
0.419189453125,52.75384521484375,54.74639892578125,55.69525146484375,47.031869193489044,48.262719749797554,48.4098253794798,0.803955078125,0
0.21282958984375,64.2728271484375,67.73272705078125,68.34124755859375,52.745857813850655,53.56529436113308,53.80235633931238,0.74798583984375,0
0.0,84.735595703125,89.58721923828125,89.72991943359375,54.0625375951515,54.03830257102455,53.53466808395046,0.784912109375,0
0.28582763671875,70.194580078125,72.6820068359375,73.4503173828125,57.964804489376434,58.58290590049325,58.197566617111875,0.6932373046875,0
0.0029296875,101.35406494140625,109.59490966796875,113.51116943359375,65.95334389644498,66.15631938593613,66.31806550815361,0.57562255859375,0
0.04156494140625,83.5784912109375,85.73895263671875,87.31719970703125,57.5692290131531,57.935648241685186,57.201141705154825,0.65814208984375,0
0.04302978515625,65.77734375,68.992431640625,71.35888671875,51.4523253275905,52.49879617616483,51.46179307614696,0.77447509765625,0
0.36456298828125,58.28753662109375,60.351318359375,62.26678466796875,49.184088995214566,50.46598762003032,50.52460319093157,0.7491455078125,0
0.0,88.4161376953125,107.92120361328125,126.88287353515625,43.115206919366514,36.51084698918557,28.026335439521468,0.69586181640625,0
0.13494873046875,74.1605224609375,77.66424560546875,78.47357177734375,58.46188277349907,59.34838631295207,58.99471275126047,0.6673583984375,0
0.17767333984375,63.747802734375,67.3079833984375,67.5064697265625,51.86302803358717,52.85351005498629,52.69303432471661,0.75921630859375,0
0.15740966796875,68.81976318359375,71.0732421875,74.40643310546875,56.64588809635848,57.600442010124,56.27779617145589,0.7078857421875,0
0.1488037109375,63.3345947265625,66.8489990234375,69.2774658203125,50.781158504550376,51.68015484457999,51.05457371375809,0.76202392578125,0
0.307373046875,76.78045654296875,80.3603515625,83.45953369140625,67.55138980824853,69.4086007824082,69.66323111731491,0.67901611328125,0
0.0360107421875,61.75848388671875,64.9246826171875,71.4984130859375,46.93119894193181,47.759094368193075,45.79943908530517,0.755615234375,0
0.12841796875,64.8912353515625,67.67718505859375,68.51727294921875,49.15313966575533,49.764455951593966,49.54178411725021,0.74951171875,0
0.16424560546875,57.89483642578125,60.74603271484375,61.37774658203125,45.91546147262108,46.30733766493345,46.34119830719861,0.791748046875,0
0.0645751953125,72.60943603515625,76.06060791015625,76.53814697265625,55.783392258621284,56.57391913411113,56.34380966514347,0.748046875,0
0.0887451171875,62.54339599609375,66.22259521484375,67.22308349609375,46.67488086226116,47.5634632037737,47.415554838969925,0.7891845703125,0
0.28997802734375,75.95001220703125,78.236572265625,78.5667724609375,61.20799742659827,62.316562370468674,61.88521407514044,0.66485595703125,0
0.24517822265625,70.99481201171875,74.17822265625,74.39532470703125,58.49316186779279,59.206197955393456,58.5881135215389,0.7054443359375,0
0.05621337890625,70.19403076171875,74.21771240234375,76.29095458984375,51.39303245741562,51.97817794668761,52.219348451994954,0.70556640625,0
0.0010986328125,78.47869873046875,82.23980712890625,83.05816650390625,48.83729199315484,48.868654927626736,48.08193942007856,0.7862548828125,0
0.0,113.04461669921875,133.50592041015625,149.09716796875,43.6991951003283,34.80010879825836,26.1476115474406,0.71722412109375,0
0.05322265625,62.9869384765625,66.05145263671875,66.8663330078125,43.63181805941672,44.3005286917918,43.7219771227906,0.80853271484375,0
0.13299560546875,57.98370361328125,61.127685546875,64.43499755859375,48.53970860118483,49.70655766709315,48.45148158365605,0.77459716796875,0
0.341064453125,68.9365234375,70.603271484375,71.5494384765625,61.17405107897885,62.828605514829114,63.00338976012896,0.722900390625,0
0.3497314453125,53.62176513671875,57.94915771484375,62.3621826171875,48.41199623343544,50.04860226221991,50.35872100996629,0.7362060546875,0
0.085693359375,65.455322265625,68.0009765625,70.70611572265625,50.695725634909806,50.82019899606308,50.36343012974666,0.7626953125,0
0.02691650390625,82.27227783203125,84.29974365234375,84.88995361328125,58.51772378610094,58.8272114382311,58.246275209904425,0.74371337890625,0
0.0455322265625,72.253173828125,79.390869140625,84.06597900390625,55.92957882711417,57.23043495538099,55.77562760349732,0.72344970703125,0
0.09442138671875,79.85247802734375,84.09246826171875,86.04345703125,60.14855594028154,61.48919677655615,61.31251745000157,0.683349609375,0
0.063232421875,68.1500244140625,71.28106689453125,76.1448974609375,58.25467161641307,59.22509277488527,57.51029332832679,0.73681640625,0
0.16339111328125,64.73760986328125,68.906005859375,69.5736083984375,49.84502042415191,50.84348184916962,50.809330714575,0.7237548828125,0
0.0648193359375,63.1650390625,66.4454345703125,66.95330810546875,46.47162097509793,47.033659366821496,46.830282889926885,0.8294677734375,0
0.0439453125,79.21844482421875,81.624267578125,83.2781982421875,63.28849745630513,64.24044977774636,62.95680134986842,0.72613525390625,0
0.09503173828125,81.6724853515625,85.01123046875,84.40765380859375,64.03268196891038,64.83302242474998,64.40516884488966,0.6915283203125,0
0.087890625,71.936767578125,74.29949951171875,74.45623779296875,51.43328891576032,52.03955765831363,51.85725448461127,0.7877197265625,0
0.00933837890625,76.07867431640625,79.857666015625,82.0030517578125,53.659040034665004,54.21272710442993,53.13324950161468,0.725830078125,0
0.21331787109375,69.87353515625,72.1348876953125,72.73016357421875,57.67006311332473,58.17888646837681,58.10006188245179,0.72845458984375,0
0.1087646484375,64.1419677734375,67.9752197265625,70.10552978515625,49.10265560572175,49.485264252356465,48.279630926408565,0.79443359375,0
0.044189453125,70.89111328125,74.5411376953125,73.554443359375,50.46946699501199,50.903267034635405,50.40052557566669,0.77362060546875,0
0.2340087890625,66.33441162109375,70.26605224609375,72.798095703125,59.788182404999226,61.28922396721246,60.70552405399799,0.7503662109375,0
0.0782470703125,67.41046142578125,70.53729248046875,71.7999267578125,55.64315816186694,56.33111729997096,55.55403992990697,0.74322509765625,0
0.14117431640625,70.30645751953125,73.56915283203125,73.75628662109375,54.84845080726247,55.4407894151207,55.2185244298933,0.7373046875,0
0.2901611328125,57.10321044921875,60.31201171875,61.502197265625,49.302080048562765,50.171578773804924,50.206999442543726,0.7784423828125,0
0.10211181640625,79.87884521484375,82.67218017578125,82.92620849609375,64.25086470215841,65.0366043453094,64.7173776987346,0.72119140625,0
0.23773193359375,69.89605712890625,73.31195068359375,74.391357421875,58.079617271996376,58.91151057207994,59.120624206412465,0.70977783203125,0
0.03509521484375,64.3238525390625,68.99212646484375,71.422119140625,44.69000869708399,44.519281549758446,44.2929690076998,0.78350830078125,0
0.1146240234375,78.60845947265625,82.146240234375,83.87396240234375,58.520369293819215,58.768792502418215,59.030969144486,0.66876220703125,0
0.32489013671875,65.66766357421875,68.25677490234375,69.433837890625,59.424484636195565,60.92337313614739,60.042471682788076,0.72247314453125,0
0.05303955078125,80.4132080078125,85.04632568359375,84.7510986328125,64.2643754160798,65.08256654955406,64.05453693850488,0.71270751953125,0
0.27337646484375,61.26947021484375,64.25732421875,65.500732421875,53.79289558839328,54.71375325262043,53.86005492980566,0.74859619140625,0
0.06024169921875,79.7530517578125,83.58062744140625,82.85357666015625,59.52166756017346,60.11187663917073,59.619112557788085,0.70892333984375,0
0.3497314453125,54.99005126953125,58.30474853515625,59.23919677734375,50.06259959364419,51.082158584907134,50.752073101124296,0.80072021484375,0
0.11077880859375,79.77923583984375,82.47027587890625,85.01336669921875,62.898401351545665,63.76535293276975,63.268876140094115,0.66168212890625,0
0.04583740234375,81.90264892578125,86.47021484375,87.3447265625,60.482607890541594,61.27860135429184,59.99242861183021,0.72930908203125,0
0.10247802734375,71.12457275390625,74.54620361328125,75.77911376953125,53.86039305579823,53.943954784611826,54.25012241485816,0.73516845703125,0
0.39471435546875,59.2928466796875,62.656494140625,63.11456298828125,57.37215370801094,58.64941145216645,58.55539680465518,0.76177978515625,0
0.04150390625,67.5003662109375,73.3818359375,75.50970458984375,47.60798272765965,47.40131429427507,46.47634151759364,0.7440185546875,0
0.0196533203125,70.47052001953125,75.5474853515625,76.6712646484375,51.458622733095,51.83155127942836,50.540075996197764,0.76507568359375,0
0.00506591796875,108.70263671875,127.2249755859375,142.09014892578125,50.06440142379328,45.16894200147494,42.24272271862811,0.18701171875,0
0.02288818359375,68.17254638671875,72.37664794921875,73.09149169921875,49.54238292383375,49.883008090788096,49.53787776902456,0.78515625,0
0.0018310546875,76.01055908203125,79.5047607421875,80.956787109375,51.149850444722766,51.65330760289905,51.38250389835857,0.73974609375,0
0.019775390625,64.26373291015625,73.81597900390625,83.8565673828125,43.21578378210118,45.23089511704807,46.76504873866421,0.65484619140625,0
0.16619873046875,61.36785888671875,64.579833984375,65.77313232421875,49.79245494047887,50.699105181288715,50.37904041550009,0.7874755859375,0
0.0,92.393798828125,97.191162109375,99.30462646484375,60.56267697522,61.42808597140594,61.46957940691485,0.689208984375,0
0.01446533203125,90.78607177734375,95.58892822265625,101.10247802734375,67.55332510153845,68.64484342100762,65.07659574817878,0.628173828125,0
0.1551513671875,61.5565185546875,66.4249267578125,70.59979248046875,47.99830221595253,48.907209492829324,47.96144007266311,0.7625732421875,0
0.34613037109375,56.8282470703125,60.348388671875,66.4564208984375,56.30823736948002,58.34688380661545,57.20967001346369,0.761474609375,0
0.3997802734375,55.44171142578125,58.02703857421875,59.10565185546875,52.84456100520413,54.19401735847473,53.639665847544364,0.784912109375,0
0.000244140625,89.82769775390625,91.3111572265625,93.65753173828125,65.1767309830972,65.5573105707235,64.16369741967753,0.73748779296875,0
0.09844970703125,66.3402099609375,70.25286865234375,71.067138671875,52.26472910624972,52.961217756517414,52.70701266250051,0.7672119140625,0
0.0302734375,75.11663818359375,80.81280517578125,84.03631591796875,57.35013381127237,58.26332607753626,58.68855215711692,0.7200927734375,0
0.07708740234375,66.96221923828125,69.7882080078125,71.868408203125,49.48903688034869,50.684066310289225,50.56296732831557,0.788330078125,0
0.1864013671875,69.10614013671875,73.21856689453125,73.34051513671875,58.96088440680903,60.14478396811488,58.72536326123766,0.75531005859375,0
0.0079345703125,71.96612548828125,75.6754150390625,77.75531005859375,50.372748888112106,50.93536221619829,50.76262040370398,0.76129150390625,0
0.23980712890625,67.47174072265625,70.3721923828125,71.69354248046875,58.44467646648939,59.89424495955758,59.880648238773716,0.73785400390625,0
0.0731201171875,67.82037353515625,71.76678466796875,72.71612548828125,52.27135639779361,53.16484597386991,52.82231481218014,0.7552490234375,0
0.08843994140625,77.60601806640625,81.47735595703125,82.77032470703125,62.238620362776224,63.17206417654439,62.40087096358276,0.6923828125,0
0.0006103515625,77.673095703125,83.16461181640625,86.04534912109375,51.906862097409,51.84172563408196,51.51978184624387,0.7677001953125,0
0.24560546875,70.0743408203125,73.7799072265625,75.19384765625,61.09585466966998,62.40782379862685,62.07354918984145,0.721435546875,0
0.09210205078125,78.51458740234375,81.787109375,82.60589599609375,60.152231254567816,61.33750795932218,60.97580240079522,0.68438720703125,0
0.0,69.00494384765625,73.74285888671875,84.23345947265625,53.45720271343319,54.41715189121686,49.571958095171816,0.75689697265625,0
0.00543212890625,73.50689697265625,77.496826171875,80.81353759765625,50.65834960842048,50.94326908170993,50.89817509847031,0.76409912109375,0
0.22344970703125,59.43389892578125,62.6856689453125,64.21051025390625,49.36091349477451,50.34954551033638,50.250140259282176,0.762939453125,0
0.03466796875,77.45953369140625,81.09918212890625,81.58599853515625,53.730740764508994,54.46261340678311,54.01167048507099,0.67510986328125,0
0.093994140625,71.28228759765625,75.6068115234375,77.66534423828125,54.054831137268536,55.1227296557137,54.62980890189775,0.7083740234375,0
0.10235595703125,110.29534912109375,117.81439208984375,122.1334228515625,74.71479373707736,74.9590059541178,74.51742302364507,0.47943115234375,0
0.19598388671875,76.327880859375,80.40283203125,80.646240234375,58.3888639853648,59.483413209547116,59.22531997299149,0.68194580078125,0
0.05804443359375,78.7222900390625,81.690673828125,81.481201171875,59.09187865748851,59.71271674402535,59.07097440958471,0.736083984375,0
0.3282470703125,59.31402587890625,62.164794921875,63.2208251953125,52.417930957754415,53.786439009704495,53.2821177614702,0.76666259765625,0
0.17657470703125,78.403564453125,81.87750244140625,83.1602783203125,59.276527940141904,60.424513023551086,59.94032835415391,0.660888671875,0
0.31524658203125,59.0020751953125,62.926025390625,63.05743408203125,54.22236340255918,55.08875359703063,54.852292422842865,0.77923583984375,0
0.02899169921875,78.158447265625,81.0078125,83.8095703125,59.26223907684822,60.13193349851251,59.776933090433644,0.72943115234375,0
0.03594970703125,79.01104736328125,83.0872802734375,84.49432373046875,51.16488203675125,51.90964650918513,51.136077335673335,0.77447509765625,0
0.0869140625,71.46917724609375,75.39422607421875,76.717529296875,56.231548858867626,57.4304769778213,56.81940466455706,0.72418212890625,0
0.0087890625,79.24713134765625,83.9293212890625,86.2261962890625,58.44357754010999,58.79053629488451,57.961519152160896,0.70465087890625,0
0.29632568359375,68.757568359375,71.5091552734375,72.4400634765625,55.755368131978436,57.42304666465618,57.329205166608,0.68817138671875,0
0.28692626953125,55.98193359375,59.13592529296875,59.513671875,48.05223334726132,48.84091100992666,48.838237038863404,0.812744140625,0
0.039794921875,82.2554931640625,85.80499267578125,86.7774658203125,60.50390537014939,61.48378233493697,60.83207759942371,0.730712890625,0
0.04669189453125,81.7274169921875,86.03143310546875,87.385498046875,63.9000391638728,64.42707750751309,64.1279749222057,0.6888427734375,0
0.08148193359375,76.27276611328125,79.71051025390625,81.64178466796875,56.546338553643125,57.78781036888208,56.923464409927135,0.70166015625,0
0.0020751953125,82.28131103515625,87.27593994140625,89.45562744140625,56.449840560938746,56.453960451023875,56.26536993851752,0.72760009765625,0
0.0015869140625,79.50689697265625,84.9573974609375,86.72808837890625,54.74139488321332,54.928517036706815,54.022740772875295,0.74932861328125,0
0.233642578125,76.423828125,80.1646728515625,80.02484130859375,61.098257974617894,62.38543391909552,62.057778730597455,0.68499755859375,0
0.256591796875,70.81610107421875,74.26458740234375,74.41839599609375,61.04728237669248,62.04956240127818,61.85183381797116,0.71893310546875,0
0.0,108.1922607421875,129.439208984375,145.69891357421875,49.56053105982636,42.8393103297724,36.88025133147555,0.7684326171875,0
0.047607421875,77.460693359375,81.14459228515625,81.58087158203125,53.695232753175496,54.59524163321417,54.34383583250583,0.721923828125,0
0.37823486328125,56.46356201171875,59.42401123046875,59.88031005859375,52.35911519265184,53.297625893675765,53.13366673792752,0.79425048828125,0
0.0576171875,70.71624755859375,74.6365966796875,75.8671875,51.033474477707664,51.81224808197417,50.94024568424355,0.75103759765625,0
0.054443359375,69.65313720703125,73.7205810546875,78.60418701171875,52.38649244784394,53.31057364132432,51.68655776374575,0.7060546875,0
0.14520263671875,64.2935791015625,68.13885498046875,68.2862548828125,49.64000769586464,50.29454327324119,49.982057000580255,0.744140625,0
0.053466796875,102.73321533203125,111.3800048828125,115.54833984375,63.153230307754,62.24327551844939,60.43346319553746,0.50311279296875,0
0.107177734375,76.3037109375,80.034912109375,80.121337890625,57.91912503502356,58.56305343331819,58.40465569960785,0.721435546875,0
0.38861083984375,59.54638671875,62.3565673828125,61.60699462890625,52.09755695851545,52.82655654591154,52.56228659477497,0.74298095703125,0
0.00384521484375,83.76885986328125,88.76043701171875,90.1136474609375,56.213464519456245,56.414762339901905,55.886350779016226,0.7379150390625,0
0.0374755859375,68.2198486328125,73.404052734375,75.31640625,49.55543949528485,49.812778859213495,49.637785756218754,0.771728515625,0
0.012939453125,90.88690185546875,95.55718994140625,98.11175537109375,61.57686491131062,61.937545533330706,61.18071175393026,0.6783447265625,0
0.0489501953125,81.9381103515625,85.93389892578125,87.56292724609375,62.45472248819673,63.316021220901455,62.934335121871364,0.71856689453125,0
0.04815673828125,85.8695068359375,90.03265380859375,90.73199462890625,62.46981351373144,63.362415892180344,62.73941555696593,0.68988037109375,0
0.0255126953125,82.97076416015625,86.88543701171875,88.9482421875,60.27601156810757,61.069188619643214,60.67569165206912,0.7269287109375,0
0.0870361328125,66.08111572265625,70.04461669921875,70.98175048828125,53.03633984878617,53.76163708578004,53.46303046431224,0.77740478515625,0
0.0003662109375,102.46490478515625,107.39813232421875,109.09466552734375,66.74605057491667,67.06616950969537,66.87129634064063,0.6162109375,0
0.2076416015625,60.90057373046875,63.3563232421875,63.3934326171875,50.37338188180237,50.79280384482581,50.50957613253385,0.79193115234375,0
0.10284423828125,76.6673583984375,79.8939208984375,82.02386474609375,60.56612753547179,61.515724037556744,61.015039644321405,0.7442626953125,0
0.0018310546875,86.349609375,90.858154296875,93.96429443359375,60.649118026773785,60.99020274575565,60.705310908320115,0.7325439453125,0
0.1673583984375,68.638916015625,72.120849609375,73.66143798828125,59.60348503991275,60.03092501262923,59.007583904814744,0.7235107421875,0
0.00091552734375,103.6612548828125,128.44085693359375,147.091552734375,38.05105691580254,29.576968052981208,23.58973562560401,0.80859375,0
0.26318359375,63.2078857421875,66.41387939453125,67.06036376953125,56.495336257692614,57.441321369064326,57.07868388092537,0.76837158203125,0
0.14508056640625,73.0516357421875,76.37481689453125,77.4984130859375,57.89888410855389,59.08973994103782,58.7523540703675,0.70379638671875,0
0.12579345703125,76.59112548828125,79.96429443359375,80.2918701171875,56.65088805167861,57.75633785581346,57.52231027194747,0.68951416015625,0
0.18695068359375,62.25579833984375,66.163330078125,66.89190673828125,53.22412910757784,54.149321163475975,53.59222936916253,0.78924560546875,0
0.13018798828125,79.665771484375,83.99737548828125,84.57659912109375,60.314389221467856,61.597210673380694,61.07353499282615,0.67498779296875,0
0.0059814453125,78.52392578125,82.941162109375,84.97216796875,56.048742945405266,56.54377240915994,55.82708819345038,0.760009765625,0
0.03875732421875,77.82177734375,81.40057373046875,83.0810546875,57.96528459457533,58.591397887481016,58.1417022580674,0.71337890625,0
0.07098388671875,82.84832763671875,88.61492919921875,90.46832275390625,60.60368408193359,61.505450043302396,61.05617728484168,0.65301513671875,0
0.0106201171875,83.97882080078125,88.84844970703125,90.65997314453125,62.62028544797646,63.29732468512281,62.86317758507781,0.69866943359375,0
0.07879638671875,68.80621337890625,73.26153564453125,74.38995361328125,44.858248233055804,45.480735855633654,45.22596774362554,0.72357177734375,0
0.0635986328125,70.89678955078125,74.2481689453125,76.9630126953125,54.86865891293456,55.6481676566423,55.20543552433473,0.750244140625,0
0.07525634765625,73.81689453125,78.248291015625,78.99005126953125,56.11361758818109,56.86186959532941,56.307194977183364,0.75384521484375,0
0.095703125,77.8160400390625,82.923095703125,84.6448974609375,61.91566665147711,62.65842669837043,62.25158739064813,0.7279052734375,0
0.01666259765625,79.7435302734375,84.57305908203125,86.70513916015625,60.61435670618271,61.4462291076533,61.109694873836574,0.732177734375,0
