lbp_4,lbp_6,hog_4517,prop_black,hog_2960,lbp_7,hog_5120,hog_5093,hog_4544,lbp_3,label
0.1142578125,0.0999755859375,0.0501044941435835,0.1458740234375,0.3296083155800067,0.060302734375,0.0269554470192005,0.0527040625643453,0.0369240844263934,0.1212158203125,0
0.08795166015625,0.0887451171875,0.0,0.47674560546875,0.0627332346586423,0.07208251953125,0.0,0.0,0.0,0.125732421875,1
0.12506103515625,0.124267578125,0.2203471151288358,0.0645751953125,0.0,0.0625,0.0,0.0,0.2508044656906672,0.1480712890625,0
0.08135986328125,0.0943603515625,0.0,0.6318359375,0.0,0.06201171875,0.0,0.0,0.0,0.12762451171875,1
0.1026611328125,0.11383056640625,0.0,0.34710693359375,0.0875952656235525,0.06207275390625,0.0,0.0,0.0,0.13922119140625,1
0.1199951171875,0.13311767578125,0.0302407420231733,0.2340087890625,0.2893267125059798,0.0623779296875,0.0383075694507355,0.0246754735515797,0.0386243093406471,0.1507568359375,0
0.10577392578125,0.1253662109375,0.0,0.0,0.0415767520262508,0.06011962890625,0.0,0.0,0.0,0.142333984375,0
0.1041259765625,0.129150390625,0.0,0.30731201171875,0.0735670869626813,0.05450439453125,0.0,0.0,0.0,0.139892578125,0
0.10400390625,0.11529541015625,0.0,0.207275390625,0.0,0.0706787109375,0.0,0.0,0.0,0.144775390625,1
0.08746337890625,0.10968017578125,0.0,0.52069091796875,0.0,0.06500244140625,0.0,0.0,0.0,0.14166259765625,1
0.103759765625,0.10809326171875,0.0,0.29156494140625,0.2741865546745898,0.07269287109375,0.0,0.0,0.0,0.1407470703125,1
0.0888671875,0.11773681640625,0.0,0.3756103515625,0.0,0.06158447265625,0.0,0.0,0.0,0.144775390625,1
0.11785888671875,0.13629150390625,0.0,0.0018310546875,0.0,0.05694580078125,0.0,0.0,0.0,0.1514892578125,0
0.081787109375,0.0999755859375,0.0,0.298828125,0.0,0.064208984375,0.0,0.0,0.0,0.13616943359375,1
0.10986328125,0.1219482421875,0.0,0.1864013671875,0.088029520598015,0.06744384765625,0.0,0.0,0.0,0.15203857421875,0
0.08074951171875,0.09320068359375,0.0,0.190185546875,0.0,0.0537109375,0.0,0.0,0.0,0.12078857421875,1
0.12164306640625,0.13079833984375,0.0726869116414081,0.0831298828125,0.3106186320110818,0.06121826171875,0.2299640920043721,0.254425915603263,0.061907897652709,0.154296875,0
0.106201171875,0.1220703125,0.0,0.14105224609375,0.0224588136346711,0.053955078125,0.0,0.0,0.0,0.14105224609375,0
0.10980224609375,0.11639404296875,0.0,0.20294189453125,0.0845851959779134,0.066650390625,0.0,0.0,0.0,0.1441650390625,1
0.1007080078125,0.1109619140625,0.0,0.236328125,0.0523528684248946,0.0621337890625,0.2265652913952232,0.2090938316177185,0.0,0.14263916015625,0
0.1087646484375,0.1258544921875,0.0,0.0869140625,0.0,0.0673828125,0.0,0.0,0.0,0.1466064453125,0
0.12640380859375,0.12890625,0.0,0.12579345703125,0.0,0.05914306640625,0.3096407430240207,0.2640110475672123,0.0,0.15289306640625,0
0.093994140625,0.1165771484375,0.2860776198375384,0.0379638671875,0.0,0.0645751953125,0.0,0.0,0.2966863160373327,0.14483642578125,0
0.11602783203125,0.13909912109375,0.0,0.19598388671875,0.0756939552043762,0.05615234375,0.2189501743408887,0.1576605573438261,0.0,0.15625,0
0.11431884765625,0.13348388671875,0.1019595030467324,0.09716796875,0.1517161105200409,0.0626220703125,0.0,0.0,0.1512014753528449,0.1552734375,0
0.11737060546875,0.13763427734375,0.1253025012877186,0.0357666015625,0.2699518109963443,0.060546875,0.0597665852409208,0.0626055347907808,0.1286389478675512,0.154052734375,0
0.1014404296875,0.105224609375,0.0,0.326171875,0.0,0.06500244140625,0.0,0.0,0.0,0.13262939453125,1
0.103271484375,0.111328125,0.0,0.25079345703125,0.0,0.0640869140625,0.0,0.0,0.0,0.1405029296875,1
0.0936279296875,0.10577392578125,0.0,0.28692626953125,0.2936344151442644,0.07073974609375,0.0,0.0,0.0,0.14654541015625,1
0.130615234375,0.13616943359375,0.0,0.054443359375,0.1167035309044903,0.05255126953125,0.0,0.0,0.0,0.15423583984375,0
0.1153564453125,0.14007568359375,0.0250417159337869,0.093994140625,0.2726166451385322,0.05224609375,0.1073409449906953,0.0902902363239435,0.0314869402475641,0.1533203125,0
0.1075439453125,0.11077880859375,0.0,0.16278076171875,0.2449475714127576,0.06634521484375,0.0,0.0,0.0,0.143310546875,1
0.109130859375,0.12939453125,0.0686920914215021,0.000244140625,0.033379407823657,0.06036376953125,0.3362098345424797,0.2994029195409401,0.0758250914895265,0.1517333984375,0
0.0950927734375,0.1011962890625,0.0,0.40838623046875,0.0,0.07403564453125,0.0345576978738412,0.046836909154456,0.0,0.13800048828125,1
0.11968994140625,0.13824462890625,0.0,0.17767333984375,0.0252688664961605,0.05377197265625,0.0573737233069046,0.0519422775775347,0.0,0.1551513671875,0
0.11859130859375,0.12689208984375,0.0561531546280614,0.34088134765625,0.0538208313808854,0.065185546875,0.0,0.0,0.0522330239462649,0.14776611328125,0
0.1116943359375,0.127197265625,0.0524362586063016,0.07464599609375,0.0854259440091358,0.0606689453125,0.0,0.0,0.0850407209992366,0.1422119140625,0
0.10162353515625,0.11822509765625,0.0,0.27398681640625,0.0,0.07366943359375,0.0,0.0,0.0,0.14849853515625,1
0.1197509765625,0.1224365234375,0.2795812306836195,0.07867431640625,0.0436965313564334,0.06158447265625,0.2056240929102487,0.2938781245914478,0.255366294196728,0.14752197265625,0
0.103515625,0.11260986328125,0.0,0.23199462890625,0.0,0.0682373046875,0.0,0.0,0.0,0.1485595703125,1
0.097412109375,0.10406494140625,0.0,0.10321044921875,0.0,0.06768798828125,0.0,0.0,0.0,0.130859375,1
0.09405517578125,0.097412109375,0.0,0.57171630859375,0.0,0.06427001953125,0.0,0.0,0.0,0.13543701171875,1
0.0885009765625,0.09765625,0.0,0.19403076171875,0.0,0.0693359375,0.0,0.0,0.0,0.13006591796875,1
0.08642578125,0.094970703125,0.0,0.61114501953125,0.0,0.06854248046875,0.0,0.0,0.0,0.12872314453125,1
0.11358642578125,0.13092041015625,0.0,0.174560546875,0.0886079882823033,0.0625,0.0,0.0,0.0,0.15179443359375,0
0.08795166015625,0.0958251953125,0.0,0.60906982421875,0.0,0.07135009765625,0.0,0.0,0.0,0.1353759765625,1
0.111328125,0.12237548828125,0.190887075600383,0.16455078125,0.0565826303927065,0.06707763671875,0.04282437577284,0.0457746178684987,0.1543581896151482,0.1512451171875,0
0.10980224609375,0.1319580078125,0.0784292995062017,0.039306640625,0.0692486263921697,0.0587158203125,0.0407544248649473,0.0405321866738066,0.0792913641920721,0.14544677734375,0
0.095703125,0.100341796875,0.0,0.24176025390625,0.0,0.07208251953125,0.0,0.0,0.0,0.14337158203125,1
0.1070556640625,0.11273193359375,0.0,0.54388427734375,0.0845941594124811,0.0703125,0.0,0.0,0.0,0.1451416015625,1
0.10888671875,0.11529541015625,0.0,0.26068115234375,0.0,0.0673828125,0.0,0.0,0.0,0.1458740234375,0
0.08941650390625,0.0899658203125,0.0,0.28070068359375,0.0,0.06890869140625,0.0,0.0,0.0,0.12872314453125,1
0.10247802734375,0.1258544921875,0.0,0.150146484375,0.248212884811009,0.06036376953125,0.0985477635715269,0.121640500083045,0.0,0.149169921875,0
0.109130859375,0.131103515625,0.1039493220056674,0.30438232421875,0.2243939702843605,0.06207275390625,0.0791688781513283,0.0889711404739967,0.1207396808670874,0.14447021484375,0
0.10809326171875,0.11962890625,0.0,0.222412109375,0.0,0.0628662109375,0.0,0.0,0.0,0.14776611328125,1
0.121337890625,0.122802734375,0.0,0.01397705078125,0.0257496478774819,0.06103515625,0.1507522010052858,0.2034084165370808,0.0,0.14459228515625,1
0.104248046875,0.1107177734375,0.0,0.49554443359375,0.0,0.067626953125,0.0,0.0,0.0,0.1416015625,1
0.08709716796875,0.1024169921875,0.0,0.4661865234375,0.0,0.0634765625,0.0,0.0,0.0,0.13250732421875,1
0.11920166015625,0.12347412109375,0.1959598996670879,0.02899169921875,0.0,0.0648193359375,0.1440786399375727,0.1419076647405336,0.210964920693082,0.14801025390625,0
0.11383056640625,0.12677001953125,0.0,0.07635498046875,0.1872951505670541,0.0574951171875,0.0309879116908471,0.0226136023600794,0.0,0.15106201171875,0
0.11798095703125,0.12603759765625,0.1534477644516834,0.0,0.0,0.06683349609375,0.0,0.0,0.1983266489020317,0.14666748046875,0
0.10894775390625,0.12451171875,0.0,0.236328125,0.2609579316229727,0.06768798828125,0.0,0.0,0.0,0.149658203125,1
0.12261962890625,0.12457275390625,0.0,0.019775390625,0.1804590627601409,0.06298828125,0.010857658866066,0.017248712926215,0.0,0.15496826171875,0
0.13165283203125,0.12835693359375,0.0,0.03509521484375,0.0776970054551992,0.057373046875,0.0,0.0,0.0,0.15704345703125,0
0.11871337890625,0.1243896484375,0.0,0.21282958984375,0.2742274528742548,0.05938720703125,0.0,0.0,0.0,0.14007568359375,0
0.12933349609375,0.12420654296875,0.019358274283038,0.0576171875,0.02735629546948,0.05963134765625,0.0579048208355966,0.0432509557789445,0.0277499413473339,0.14862060546875,0
0.09149169921875,0.110595703125,0.0,0.5743408203125,0.0,0.06866455078125,0.0,0.0,0.0,0.14117431640625,1
0.1314697265625,0.13250732421875,0.2052225997624652,0.2340087890625,0.0546555754425197,0.058349609375,0.0236375954890881,0.0297660901786747,0.1605513590970261,0.16192626953125,0
0.10882568359375,0.12432861328125,0.1933252022852684,0.000244140625,0.0409261006891606,0.0621337890625,0.0,0.0,0.2418249760530071,0.14031982421875,0
0.11309814453125,0.12066650390625,0.0,0.1551513671875,0.0,0.06854248046875,0.1753474059911167,0.2575852099611255,0.0,0.14349365234375,1
0.12213134765625,0.12615966796875,0.035665901480485,0.13494873046875,0.249223258955465,0.0645751953125,0.0,0.0,0.0522626672563113,0.149658203125,0
0.128173828125,0.130615234375,0.3416806188951094,0.29632568359375,0.1251697041795422,0.066162109375,0.0,0.0,0.3470634455585303,0.1580810546875,0
0.1160888671875,0.12646484375,0.0,0.24517822265625,0.0,0.06475830078125,0.0590469915555844,0.0448675251630856,0.0,0.14837646484375,0
0.12176513671875,0.1343994140625,0.2532616844650486,0.04583740234375,0.0525191216242728,0.05999755859375,0.1215364776568474,0.1354571882144504,0.286717224712375,0.1611328125,0
0.0963134765625,0.09564208984375,0.0,0.42974853515625,0.128453454750914,0.06390380859375,0.0,0.0,0.0,0.1251220703125,1
0.11279296875,0.12701416015625,0.1799760332544052,0.044189453125,0.0,0.06256103515625,0.1810972420068535,0.1686339056341569,0.1864625082882944,0.15301513671875,0
0.12664794921875,0.12890625,0.0907733458255988,0.22808837890625,0.047285537939732,0.06396484375,0.0339970240618544,0.0369262737300183,0.0631430536769901,0.14410400390625,0
0.0972900390625,0.12646484375,0.3024723316371668,0.31524658203125,0.0648445532641926,0.0577392578125,0.3094289876568509,0.3038032269723382,0.2935419639372257,0.142333984375,0
0.10302734375,0.09820556640625,0.0,0.52825927734375,0.0,0.064453125,0.0,0.0,0.0,0.133056640625,1
0.12542724609375,0.12890625,0.0,0.3997802734375,0.046581446137078,0.05780029296875,0.0,0.0,0.0,0.15045166015625,0
0.10809326171875,0.10308837890625,0.0,0.11431884765625,0.0,0.06640625,0.0,0.0,0.0,0.137451171875,1
0.1014404296875,0.10223388671875,0.0,0.424560546875,0.0,0.06781005859375,0.0,0.0,0.0,0.1351318359375,1
0.10675048828125,0.119140625,0.0403564729369059,0.39990234375,0.0,0.06109619140625,0.0,0.0,0.0437684185769155,0.1463623046875,1
0.12060546875,0.14263916015625,0.0199234805841009,0.00091552734375,0.0400435623000879,0.05657958984375,0.1093794347740493,0.0856045974508763,0.0221868827912511,0.1512451171875,0
0.12188720703125,0.13671875,0.0523703195350129,0.14105224609375,0.0530901069901933,0.0511474609375,0.1341763794351203,0.1637471500936826,0.0292871365824924,0.15185546875,0
0.10040283203125,0.112060546875,0.0,0.17755126953125,0.0508565384842251,0.06591796875,0.0,0.0,0.0,0.1427001953125,1
0.114013671875,0.102783203125,0.0,0.43719482421875,0.0,0.068115234375,0.0,0.0,0.0,0.14495849609375,1
0.12091064453125,0.12786865234375,0.1755447277993307,0.0018310546875,0.2485689826622226,0.06597900390625,0.0359551710910515,0.0300525663878842,0.1458113253011078,0.14813232421875,0
0.1051025390625,0.1361083984375,0.2847540793009753,0.14117431640625,0.0,0.06085205078125,0.1831411900834053,0.1338013430459466,0.2702384938494221,0.1549072265625,0
0.092041015625,0.11846923828125,0.0,0.31671142578125,0.0881488967237743,0.06353759765625,0.0,0.0,0.0,0.14031982421875,1
0.13067626953125,0.1287841796875,0.3358124238485273,0.3170166015625,0.2477043850927787,0.05718994140625,0.2602530935871537,0.1941215332886104,0.3326650394777336,0.15789794921875,0
0.08966064453125,0.094970703125,0.0,0.6173095703125,0.0,0.06396484375,0.0,0.0,0.0,0.13232421875,1
0.08740234375,0.09100341796875,0.0,0.3631591796875,0.0,0.06005859375,0.0,0.0,0.0,0.127197265625,1
0.0909423828125,0.09539794921875,0.0,0.59423828125,0.119326767834906,0.07147216796875,0.0,0.0,0.0,0.1300048828125,1
0.0965576171875,0.10333251953125,0.0,0.168701171875,0.0,0.0687255859375,0.0,0.0,0.0,0.1298828125,1
0.10009765625,0.125,0.0,0.10748291015625,0.0,0.06646728515625,0.1683716092677779,0.1567111213163939,0.0,0.15252685546875,1
0.0882568359375,0.1092529296875,0.0,0.606689453125,0.0,0.07061767578125,0.0,0.0,0.0,0.147216796875,1
0.10882568359375,0.12017822265625,0.0876286876409894,0.0372314453125,0.2861750534319225,0.0655517578125,0.0,0.0,0.0903176262619201,0.14703369140625,0
0.0968017578125,0.1103515625,0.0,0.35882568359375,0.1157313309784461,0.066162109375,0.0,0.0,0.0,0.13946533203125,1
0.0946044921875,0.10736083984375,0.0,0.57733154296875,0.0,0.0701904296875,0.0,0.0,0.0,0.142333984375,1
0.08502197265625,0.11065673828125,0.0,0.538330078125,0.0,0.0638427734375,0.0,0.0,0.0,0.14324951171875,1
0.12542724609375,0.12640380859375,0.1913438784412732,0.02288818359375,0.0,0.0625,0.0,0.0,0.1327127429720488,0.1474609375,0
0.11114501953125,0.12115478515625,0.0,0.27264404296875,0.0,0.06829833984375,0.0,0.0,0.0,0.15228271484375,0
0.086669921875,0.09637451171875,0.0,0.67340087890625,0.0,0.07305908203125,0.0,0.0,0.0,0.13226318359375,1
0.11395263671875,0.12567138671875,0.0724376882061126,0.2076416015625,0.0389425324322792,0.064453125,0.0,0.0,0.1005792795077068,0.14056396484375,0
0.11004638671875,0.10858154296875,0.113412216648932,0.156494140625,0.0539769072925282,0.07177734375,0.2165243325938024,0.2660705946627397,0.1089859952610065,0.1444091796875,1
0.1212158203125,0.1351318359375,0.0455308323041153,0.1702880859375,0.0,0.05694580078125,0.0340085526098508,0.0344183273245312,0.0735274592248426,0.1571044921875,0
0.0880126953125,0.09539794921875,0.0,0.5902099609375,0.0,0.067626953125,0.0,0.0,0.0,0.1346435546875,1
0.126953125,0.1270751953125,0.0,0.419189453125,0.0,0.05963134765625,0.0589480307696781,0.0694101334935847,0.0,0.16015625,0
0.10223388671875,0.10772705078125,0.0434893372175116,0.17205810546875,0.0524721369665348,0.06488037109375,0.1736184207127555,0.1115777116660875,0.0433221325763562,0.13751220703125,1
0.12445068359375,0.14593505859375,0.332866761111979,0.09442138671875,0.110589796395903,0.04937744140625,0.0725888807819379,0.0490733762218638,0.3030580095508243,0.16180419921875,0
0.1075439453125,0.11492919921875,0.0,0.05322265625,0.184125699910714,0.067138671875,0.0924875319831385,0.1061137497677519,0.0,0.1392822265625,0
0.0924072265625,0.10552978515625,0.0,0.5103759765625,0.0,0.0679931640625,0.0,0.0,0.0,0.13714599609375,1
0.1148681640625,0.11065673828125,0.0,0.476318359375,0.0434341646768079,0.06378173828125,0.0,0.0,0.0,0.13653564453125,1
0.1165771484375,0.122314453125,0.0,0.4508056640625,0.0,0.0633544921875,0.0,0.0,0.0,0.1524658203125,0
0.11492919921875,0.12744140625,0.0430042159231641,0.00933837890625,0.1940744071616488,0.06365966796875,0.4026770524159528,0.3905598482064465,0.0373804921187903,0.14447021484375,0
0.11322021484375,0.12744140625,0.0,0.05621337890625,0.0,0.06982421875,0.0,0.0,0.0,0.15240478515625,0
0.12774658203125,0.12689208984375,0.1917387081890313,0.039794921875,0.1086290786436858,0.0675048828125,0.0,0.0,0.1919461546295121,0.14910888671875,0
0.09979248046875,0.12225341796875,0.1076894238299085,0.117919921875,0.0828253059137375,0.062255859375,0.0,0.0,0.1350601577978869,0.14532470703125,1
0.113037109375,0.12274169921875,0.0,0.094970703125,0.2279513504807416,0.065185546875,0.0,0.0,0.0,0.14532470703125,1
0.1063232421875,0.11407470703125,0.0,0.36944580078125,0.2986985332735674,0.06768798828125,0.1910197122497008,0.2022790748391598,0.0,0.1417236328125,0
0.10040283203125,0.1138916015625,0.0,0.0648193359375,0.0378118829707813,0.0631103515625,0.0,0.0,0.0,0.13055419921875,0
0.08416748046875,0.0975341796875,0.0,0.543701171875,0.0,0.07110595703125,0.0,0.0,0.0,0.13525390625,1
0.0858154296875,0.09100341796875,0.0,0.45703125,0.0,0.05975341796875,0.0,0.0,0.0,0.13433837890625,1
0.096435546875,0.10107421875,0.0,0.32684326171875,0.0,0.06597900390625,0.0,0.0,0.0,0.13079833984375,1
0.07891845703125,0.09002685546875,0.0,0.339111328125,0.0,0.0655517578125,0.0,0.0,0.0,0.1298828125,1
0.09832763671875,0.1046142578125,0.0,0.4661865234375,0.2564043744123653,0.0714111328125,0.0,0.0,0.0,0.143310546875,1
0.1038818359375,0.107421875,0.0,0.4254150390625,0.0,0.070556640625,0.0,0.0,0.0,0.1331787109375,1
0.08172607421875,0.09466552734375,0.0,0.24603271484375,0.0,0.06854248046875,0.0,0.0,0.0,0.13238525390625,1
0.10870361328125,0.138671875,0.0,0.0,0.0273355541058734,0.057861328125,0.037210529447505,0.0390876604853713,0.0,0.1527099609375,0
0.0947265625,0.1072998046875,0.0,0.12939453125,0.0,0.06378173828125,0.0,0.0,0.0,0.1473388671875,1
0.1048583984375,0.10870361328125,0.0,0.32391357421875,0.0,0.06695556640625,0.0,0.0,0.0,0.14227294921875,1
0.119140625,0.1331787109375,0.1969913612169359,0.07879638671875,0.0,0.05780029296875,0.2622879758597435,0.2777856941999068,0.1479104469132318,0.15655517578125,0
0.1114501953125,0.1337890625,0.0972086998854774,0.063232421875,0.1337344006440517,0.05731201171875,0.0,0.0,0.083835548025576,0.15643310546875,0
0.11639404296875,0.1307373046875,0.0,0.307373046875,0.0582797086477014,0.0550537109375,0.0,0.0,0.0,0.14886474609375,0
0.121826171875,0.12640380859375,0.0797441357807024,0.0,0.1552484703353277,0.06427001953125,0.2621048492232717,0.2889917500056071,0.0569642642277862,0.15032958984375,0
0.08197021484375,0.1007080078125,0.0,0.44195556640625,0.0,0.06024169921875,0.0,0.0,0.0,0.13116455078125,1
0.1114501953125,0.1190185546875,0.0,0.0478515625,0.0,0.06011962890625,0.0,0.0,0.0,0.14202880859375,1
0.12841796875,0.13397216796875,0.1108673167248892,0.2005615234375,0.2895926200593155,0.05645751953125,0.0310579796952615,0.0363792445147706,0.0890980782183358,0.1610107421875,0
0.09417724609375,0.09661865234375,0.0,0.4210205078125,0.0,0.07049560546875,0.0,0.0,0.0,0.13470458984375,1
0.1175537109375,0.13397216796875,0.1171163622872906,0.17657470703125,0.2853838946788735,0.05560302734375,0.2361423197547277,0.249643474967716,0.0734906564690486,0.15118408203125,0
0.12176513671875,0.13140869140625,0.0,0.0146484375,0.0,0.06365966796875,0.2498439017070017,0.2495343794697312,0.0,0.1563720703125,0
0.11431884765625,0.1258544921875,0.0,0.2755126953125,0.0569767243811061,0.0604248046875,0.0,0.0,0.0,0.16363525390625,1
0.11346435546875,0.11590576171875,0.2714798286317643,0.26220703125,0.0,0.06646728515625,0.2508000646573129,0.2444795621882655,0.286852944459367,0.14111328125,0
0.10699462890625,0.116943359375,0.0,0.45635986328125,0.0625058109026494,0.06695556640625,0.1228274043702477,0.1065706201047651,0.0,0.13909912109375,1
0.1201171875,0.12286376953125,0.0,0.18695068359375,0.2428903340573397,0.07012939453125,0.3419899175626495,0.3708700245440388,0.0,0.15277099609375,0
0.12091064453125,0.12322998046875,0.0,0.2978515625,0.0,0.0565185546875,0.0,0.0,0.0,0.13824462890625,1
0.10394287109375,0.119140625,0.0,0.04119873046875,0.0,0.066650390625,0.0940587394983381,0.0727341061323477,0.0,0.14874267578125,1
0.1043701171875,0.105712890625,0.0,0.38861083984375,0.0,0.06689453125,0.0,0.0,0.0,0.13519287109375,0
0.10748291015625,0.13165283203125,0.1397802265829865,0.28997802734375,0.1228318559405512,0.06121826171875,0.0,0.0,0.1521554303956215,0.15203857421875,0
0.1273193359375,0.13262939453125,0.0763236889177973,0.04156494140625,0.1042298252973114,0.06256103515625,0.2031808731290343,0.1603446483420763,0.1006100546434008,0.1552734375,0
0.10345458984375,0.1231689453125,0.0985517997089043,0.2152099609375,0.0359965834685353,0.06591796875,0.1928594527318606,0.1993233266449252,0.0962099936000599,0.13714599609375,0
0.10394287109375,0.1072998046875,0.0,0.49627685546875,0.0,0.0701904296875,0.0,0.0,0.0,0.143310546875,1
0.11004638671875,0.11895751953125,0.0,0.08367919921875,0.0305833395743153,0.06231689453125,0.0,0.0,0.0,0.1463623046875,1
0.10845947265625,0.1171875,0.0,0.3558349609375,0.2313246316186686,0.0684814453125,0.0,0.0,0.0,0.14666748046875,1
0.09051513671875,0.09356689453125,0.0,0.58880615234375,0.0,0.06597900390625,0.0,0.0,0.0,0.12939453125,1
0.10748291015625,0.12310791015625,0.0,0.38677978515625,0.0,0.0625,0.0,0.0,0.0,0.14288330078125,0
0.1051025390625,0.118896484375,0.0,0.2518310546875,0.0,0.0665283203125,0.0,0.0,0.0,0.14453125,1
0.09771728515625,0.10711669921875,0.0,0.24029541015625,0.0,0.068115234375,0.0,0.0,0.0,0.1436767578125,1
0.14056396484375,0.12969970703125,0.2612269964405885,0.0,0.0643728034491448,0.0570068359375,0.0507207936001227,0.0439011953318497,0.2388535594351578,0.15838623046875,0
0.109375,0.13134765625,0.0,0.10064697265625,0.0357371205511466,0.0631103515625,0.0,0.0,0.0,0.15191650390625,1
0.107177734375,0.1129150390625,0.0,0.0491943359375,0.0955931558970022,0.0625,0.0998177805439623,0.0855265010740401,0.0,0.144287109375,1
0.087646484375,0.1060791015625,0.0,0.0196533203125,0.0,0.0615234375,0.0,0.0,0.0,0.1390380859375,1
0.09515380859375,0.11224365234375,0.0,0.01971435546875,0.0,0.06787109375,0.0,0.0,0.0,0.14129638671875,1
0.1129150390625,0.12396240234375,0.0635516209272288,0.23516845703125,0.2243113786139708,0.063232421875,0.014359791269588,0.0228816897712523,0.0581969042489523,0.15069580078125,0
0.11279296875,0.12548828125,0.0,0.16339111328125,0.2869449243340045,0.06195068359375,0.0,0.0,0.0,0.15216064453125,0
0.09075927734375,0.08563232421875,0.0,0.237060546875,0.0,0.06414794921875,0.0,0.0,0.0,0.12811279296875,1
0.13671875,0.12725830078125,0.0197532649654819,0.1441650390625,0.0,0.05767822265625,0.0249352231485341,0.0463686640358855,0.0160390242799113,0.15362548828125,0
0.12847900390625,0.1353759765625,0.0,0.1551513671875,0.0,0.0589599609375,0.0,0.0,0.0,0.153076171875,0
0.107421875,0.10943603515625,0.0,0.1224365234375,0.2896181789066452,0.06903076171875,0.2494371444207517,0.2868005687443958,0.0,0.14093017578125,0
0.10003662109375,0.1036376953125,0.1956174669310485,0.32208251953125,0.0,0.070556640625,0.0,0.0,0.2283133815290816,0.1448974609375,1
0.12615966796875,0.13629150390625,0.2616482803379061,0.04974365234375,0.272960726446214,0.0577392578125,0.2095060027421146,0.1876851043730022,0.2208321131190452,0.14825439453125,0
0.11480712890625,0.12127685546875,0.3281561339988781,0.3270263671875,0.308557188342503,0.067138671875,0.0338794715916377,0.049332151389641,0.3018854566346853,0.15386962890625,0
0.07275390625,0.099853515625,0.0,0.66033935546875,0.0,0.064453125,0.0,0.0,0.0,0.13897705078125,1
0.11773681640625,0.1292724609375,0.051831903165642,0.10284423828125,0.3308337940346267,0.0625,0.0,0.0,0.0398574164973307,0.14935302734375,0
0.1202392578125,0.137451171875,0.0494779708564667,0.32379150390625,0.0,0.05462646484375,0.2533374826920688,0.232332662122285,0.0704382166444215,0.15765380859375,0
0.07904052734375,0.1016845703125,0.0,0.20330810546875,0.0,0.067138671875,0.0,0.0,0.0,0.1427001953125,1
0.09783935546875,0.09588623046875,0.0,0.6583251953125,0.0,0.0679931640625,0.0,0.0,0.0,0.1304931640625,1
0.11590576171875,0.13580322265625,0.1272755725646673,0.04815673828125,0.2736438993294646,0.0543212890625,0.0355193090801278,0.0276473190495576,0.1255872079988297,0.14752197265625,0
0.11859130859375,0.12451171875,0.0421329757298441,0.10211181640625,0.335240112695115,0.06634521484375,0.048946063851237,0.0507803765294185,0.0387679094923376,0.153564453125,0
0.09552001953125,0.1258544921875,0.0,0.26446533203125,0.1583725562048348,0.0560302734375,0.0,0.0,0.0,0.1441650390625,0
0.1041259765625,0.1243896484375,0.0,0.0731201171875,0.0,0.066650390625,0.0,0.0,0.0,0.14764404296875,0
0.10015869140625,0.104248046875,0.0,0.5926513671875,0.0,0.06927490234375,0.0,0.0,0.0,0.138427734375,1
0.11083984375,0.13848876953125,0.0514218351174839,0.03466796875,0.081926762932633,0.05615234375,0.0,0.0,0.0771886310087638,0.1522216796875,0
0.08721923828125,0.1104736328125,0.0,0.22479248046875,0.2708169950340506,0.06268310546875,0.0,0.0,0.0,0.1351318359375,1
0.09326171875,0.09552001953125,0.0,0.5745849609375,0.0,0.072509765625,0.0,0.0,0.0,0.130859375,1
0.09228515625,0.09423828125,0.0,0.609375,0.0,0.06939697265625,0.0,0.0,0.0,0.129150390625,1
0.1097412109375,0.11212158203125,0.1181973989755488,0.5369873046875,0.0412415486349081,0.06475830078125,0.0567537488966827,0.0425873055883578,0.1362099157192232,0.1317138671875,0
0.096923828125,0.10699462890625,0.0,0.42193603515625,0.0,0.0711669921875,0.0,0.0,0.0,0.14276123046875,1
0.0869140625,0.11016845703125,0.0,0.190185546875,0.0,0.066162109375,0.0,0.0,0.0,0.14141845703125,1
0.0943603515625,0.11090087890625,0.0,0.43157958984375,0.0,0.06817626953125,0.0,0.0,0.0,0.14605712890625,1
0.1202392578125,0.1304931640625,0.0300825939818991,0.0010986328125,0.297188377108268,0.0606689453125,0.0799679988730426,0.0979472807698935,0.0350488544813182,0.14764404296875,0
0.0989990234375,0.098876953125,0.0,0.443115234375,0.0,0.0699462890625,0.0,0.0,0.0,0.13580322265625,1
0.1087646484375,0.12451171875,0.0,0.17364501953125,0.1804161313895036,0.05706787109375,0.0405796835774215,0.0481618473318325,0.0,0.1478271484375,0
0.122802734375,0.12738037109375,0.0664962913433861,0.1248779296875,0.0,0.0594482421875,0.0,0.0,0.0942446309329013,0.14654541015625,0
0.0941162109375,0.09259033203125,0.0,0.3243408203125,0.0,0.06658935546875,0.0,0.0,0.0,0.1226806640625,1
0.114013671875,0.124755859375,0.3036362621382484,0.02056884765625,0.0,0.06591796875,0.0924730902254361,0.0883769456828646,0.2678596691599015,0.1407470703125,0
0.09173583984375,0.10284423828125,0.0,0.65838623046875,0.0,0.0703125,0.0,0.0,0.0,0.137939453125,1
0.1065673828125,0.11688232421875,0.0,0.52056884765625,0.0,0.07073974609375,0.1121597472479476,0.0860031195231143,0.0,0.14556884765625,1
0.08526611328125,0.11187744140625,0.0,0.45098876953125,0.0437469389772228,0.06610107421875,0.0,0.0,0.0,0.14617919921875,1
0.12469482421875,0.128662109375,0.1966845202091894,0.1087646484375,0.0,0.05780029296875,0.0790419300023633,0.0621011286557698,0.1539652933065351,0.14678955078125,0
0.11285400390625,0.1287841796875,0.0391398835678596,0.09503173828125,0.0,0.0638427734375,0.0399432646336554,0.0323027965759565,0.0428500251235923,0.15350341796875,0
0.10546875,0.1068115234375,0.0,0.11029052734375,0.0,0.06658935546875,0.0,0.0,0.0,0.133544921875,1
0.10052490234375,0.11724853515625,0.0369565652093316,0.25439453125,0.0,0.06195068359375,0.0,0.0,0.0458562389142527,0.14910888671875,1
0.0994873046875,0.107666015625,0.2008391062816196,0.09625244140625,0.0,0.06976318359375,0.0464017766386334,0.0580284160306562,0.1953946537432537,0.1357421875,1
0.0931396484375,0.11187744140625,0.0,0.59814453125,0.0,0.068115234375,0.0,0.0,0.0,0.14599609375,1
0.10430908203125,0.112060546875,0.0,0.314208984375,0.0,0.06805419921875,0.0,0.0,0.0,0.1373291015625,1
0.11474609375,0.13873291015625,0.0868462765754867,0.0489501953125,0.0,0.05450439453125,0.2319206559264026,0.2349581980929799,0.0525853243656157,0.1533203125,0
0.0947265625,0.115478515625,0.0,0.32427978515625,0.1314427383002354,0.070068359375,0.0,0.0,0.0,0.14776611328125,0
0.11767578125,0.1298828125,0.0,0.4019775390625,0.2112533921884908,0.0523681640625,0.0,0.0,0.0,0.1475830078125,0
0.1126708984375,0.11651611328125,0.0,0.0,0.0,0.06982421875,0.0,0.0,0.0,0.1475830078125,0
0.12548828125,0.13848876953125,0.2452467187521718,0.09173583984375,0.1234677564497192,0.0562744140625,0.1773444444103155,0.1928978624939125,0.2668391390252622,0.16070556640625,0
0.10986328125,0.12860107421875,0.0,0.0003662109375,0.0,0.0648193359375,0.0,0.0,0.0,0.15130615234375,0
0.104736328125,0.12384033203125,0.206329808142644,0.092529296875,0.0359228398254223,0.0616455078125,0.0674614560132786,0.0512496431536606,0.2080750060513208,0.1397705078125,0
0.08245849609375,0.112060546875,0.0,0.38470458984375,0.0904179697931547,0.0675048828125,0.0,0.0,0.0,0.15216064453125,1
0.10986328125,0.116943359375,0.147581367732732,0.15679931640625,0.0,0.0650634765625,0.0,0.0,0.1430937829885509,0.1405029296875,1
0.12322998046875,0.13092041015625,0.0,0.0374755859375,0.0332273582457289,0.0640869140625,0.0,0.0,0.0,0.14892578125,0
0.1195068359375,0.1300048828125,0.0,0.0697021484375,0.2721808622603063,0.062255859375,0.0490198086957914,0.0407354218188623,0.0,0.14990234375,0
0.13311767578125,0.13055419921875,0.0,0.05181884765625,0.0731634147139426,0.0523681640625,0.0941688206193664,0.0749942280389527,0.0,0.15631103515625,1
0.11224365234375,0.12042236328125,0.0,0.086669921875,0.0635346558978605,0.06622314453125,0.0,0.0,0.0,0.14910888671875,0
0.11505126953125,0.11822509765625,0.0,0.22344970703125,0.0998368422028462,0.064697265625,0.0,0.0,0.0,0.1463623046875,0
0.0927734375,0.10015869140625,0.0,0.50836181640625,0.0,0.0714111328125,0.0,0.0,0.0,0.1456298828125,1
0.11676025390625,0.1187744140625,0.2667450906093678,0.16424560546875,0.0580518260114949,0.06494140625,0.1831831918430146,0.1808873178087321,0.2734873311099596,0.14404296875,0
0.1168212890625,0.1204833984375,0.0,0.2625732421875,0.2706209838628257,0.06658935546875,0.0,0.0,0.0,0.14886474609375,1
0.12384033203125,0.12481689453125,0.0,0.01446533203125,0.0355327550141838,0.05950927734375,0.0,0.0,0.0,0.1539306640625,0
0.1337890625,0.13287353515625,0.2532929546537302,0.0,0.0,0.06060791015625,0.143678264033779,0.2031098088874973,0.2374924031353893,0.162109375,0
0.1217041015625,0.1297607421875,0.0,0.00506591796875,0.0458871333937699,0.06549072265625,0.0,0.0,0.0,0.1529541015625,0
0.10784912109375,0.13824462890625,0.0376781313306313,0.23773193359375,0.0781550499378435,0.05902099609375,0.2729220857767322,0.1288844224358374,0.0437421626050746,0.14495849609375,0
0.0947265625,0.10052490234375,0.0,0.28839111328125,0.0,0.074462890625,0.0,0.0,0.0,0.13720703125,1
0.0908203125,0.09368896484375,0.0,0.66229248046875,0.0,0.06390380859375,0.0,0.0,0.0,0.1241455078125,1
0.1182861328125,0.13177490234375,0.0,0.0006103515625,0.1001736213059672,0.05987548828125,0.0260812914937238,0.0299585058598651,0.0,0.1422119140625,0
0.1048583984375,0.12066650390625,0.0,0.38507080078125,0.0,0.06976318359375,0.0,0.0,0.0,0.145263671875,1
0.11810302734375,0.12054443359375,0.0,0.07525634765625,0.2651934842299721,0.06475830078125,0.0990426670485968,0.1347984345488561,0.0,0.14141845703125,0
0.0985107421875,0.0980224609375,0.0,0.54132080078125,0.0,0.06317138671875,0.0,0.0,0.0,0.1356201171875,1
0.08740234375,0.09796142578125,0.0,0.4664306640625,0.0,0.067138671875,0.0,0.0,0.0,0.1370849609375,1
0.09820556640625,0.10711669921875,0.0,0.57342529296875,0.0,0.0711669921875,0.0,0.0,0.0,0.1448974609375,1
0.1158447265625,0.119140625,0.0,0.0439453125,0.0,0.06640625,0.0,0.0,0.0,0.14752197265625,0
0.10302734375,0.10968017578125,0.0,0.46551513671875,0.055349412027989,0.0640869140625,0.0,0.0,0.0,0.138916015625,1
0.1016845703125,0.099365234375,0.0,0.64520263671875,0.0,0.06610107421875,0.0,0.0,0.0,0.1312255859375,1
0.094482421875,0.104736328125,0.0,0.58917236328125,0.0,0.0703125,0.0,0.0,0.0,0.1319580078125,1
0.11102294921875,0.1351318359375,0.0,0.0299072265625,0.2787392723946179,0.05987548828125,0.0,0.0,0.0,0.150146484375,0
0.103759765625,0.13458251953125,0.0,0.15869140625,0.0632996248861728,0.05694580078125,0.24051025417569,0.2968396814949017,0.0,0.1473388671875,0
0.13525390625,0.12725830078125,0.0391874638159899,0.00018310546875,0.1442032768068623,0.05670166015625,0.1347402779919604,0.0992150359446653,0.0383160095464105,0.16363525390625,0
0.09771728515625,0.1192626953125,0.0,0.40570068359375,0.0,0.0718994140625,0.0,0.0,0.0,0.15533447265625,1
0.09979248046875,0.0889892578125,0.0,0.11846923828125,0.102266954565415,0.06719970703125,0.0,0.0,0.0,0.12664794921875,1
0.109130859375,0.11578369140625,0.0,0.49945068359375,0.0,0.05963134765625,0.0,0.0,0.0,0.1429443359375,1
0.1080322265625,0.12957763671875,0.0,0.000732421875,0.1284240611271476,0.06365966796875,0.0,0.0,0.0,0.1484375,0
0.081787109375,0.09417724609375,0.0,0.5775146484375,0.0,0.073974609375,0.0,0.0,0.0,0.13861083984375,1
0.10491943359375,0.114013671875,0.0,0.23486328125,0.0410248342140326,0.06732177734375,0.0,0.0,0.0,0.13787841796875,1
0.08447265625,0.109130859375,0.0,0.26129150390625,0.0,0.07080078125,0.0,0.0,0.0,0.139404296875,1
0.09185791015625,0.096435546875,0.0,0.59246826171875,0.0,0.06646728515625,0.0,0.0,0.0,0.1260986328125,1
0.10009765625,0.1094970703125,0.0,0.357177734375,0.0,0.0697021484375,0.0,0.0,0.0,0.1422119140625,1
0.10125732421875,0.10211181640625,0.0,0.43902587890625,0.0,0.064208984375,0.0,0.0,0.0,0.13494873046875,1
0.10858154296875,0.12957763671875,0.0,0.32574462890625,0.0365569975319249,0.06488037109375,0.0,0.0,0.0,0.14959716796875,1
0.0858154296875,0.10125732421875,0.0539149620552523,0.540771484375,0.0,0.07037353515625,0.0,0.0,0.0511204820975215,0.134521484375,1
0.12078857421875,0.13238525390625,0.0,0.07470703125,0.0,0.0625,0.0,0.0,0.0,0.15478515625,0
0.1004638671875,0.10150146484375,0.0,0.38763427734375,0.0477639700809731,0.07086181640625,0.0,0.0,0.0,0.1397705078125,1
0.11968994140625,0.13043212890625,0.2799685963219404,0.0054931640625,0.3578790849658176,0.05792236328125,0.2464353361382821,0.249110143994271,0.265489461636173,0.1597900390625,0
0.12481689453125,0.12615966796875,0.0388218506174598,0.2313232421875,0.0,0.0625,0.2482759959506492,0.2522623444318267,0.0296788969070647,0.1451416015625,0
0.093994140625,0.1063232421875,0.0,0.282958984375,0.0,0.062255859375,0.0,0.0,0.0,0.1290283203125,1
0.112060546875,0.118408203125,0.2241809719100312,0.23883056640625,0.2474514735664285,0.05828857421875,0.0,0.0,0.2234236533352647,0.1439208984375,1
0.11279296875,0.11773681640625,0.0,0.1363525390625,0.0,0.06396484375,0.0,0.0,0.0,0.146240234375,0
0.08917236328125,0.0875244140625,0.0,0.63916015625,0.0,0.06463623046875,0.0,0.0,0.0,0.13134765625,1
0.11260986328125,0.1181640625,0.0,0.24139404296875,0.2733064541955453,0.067626953125,0.0,0.0,0.0,0.1375732421875,0
0.10015869140625,0.11767578125,0.0,0.255859375,0.0,0.06854248046875,0.0,0.0,0.0,0.15203857421875,1
0.11029052734375,0.1199951171875,0.034699163116015,0.04302978515625,0.0,0.06646728515625,0.1536453329343619,0.1401158653937062,0.0374943873259387,0.1448974609375,0
0.09600830078125,0.112548828125,0.0,0.278076171875,0.0,0.06549072265625,0.0,0.0,0.0,0.13848876953125,1
0.091552734375,0.10186767578125,0.0,0.62542724609375,0.0,0.072021484375,0.0,0.0,0.0,0.1417236328125,1
0.09417724609375,0.09515380859375,0.0,0.630615234375,0.0,0.0726318359375,0.0,0.0,0.0,0.130615234375,1
0.08404541015625,0.08758544921875,0.0,0.623779296875,0.0,0.06475830078125,0.0,0.0,0.0,0.12530517578125,1
0.08697509765625,0.10491943359375,0.0,0.45751953125,0.0,0.0762939453125,0.0,0.0,0.0,0.14605712890625,1
0.10528564453125,0.111328125,0.0,0.53875732421875,0.0,0.0660400390625,0.0,0.0,0.0,0.1375732421875,1
0.111572265625,0.1270751953125,0.0,0.07373046875,0.032083558190907,0.06134033203125,0.0,0.0,0.0,0.155517578125,0
0.09747314453125,0.11029052734375,0.0,0.46136474609375,0.0,0.06939697265625,0.0,0.0,0.0,0.14752197265625,1
0.08843994140625,0.087890625,0.0,0.6695556640625,0.0,0.06927490234375,0.0,0.0,0.0,0.12921142578125,1
0.0968017578125,0.09881591796875,0.0,0.588134765625,0.0,0.06982421875,0.0,0.0,0.0,0.13702392578125,1
0.09283447265625,0.10791015625,0.0,0.592041015625,0.0,0.060546875,0.0,0.0,0.0,0.13214111328125,1
0.0947265625,0.10076904296875,0.0,0.3201904296875,0.0,0.06671142578125,0.0,0.0,0.0,0.1358642578125,1
0.11505126953125,0.12384033203125,0.0813289476216599,0.28466796875,0.1411805595124027,0.06378173828125,0.0,0.0,0.090159625377877,0.150390625,0
0.11199951171875,0.1246337890625,0.0,0.08258056640625,0.1276051542725342,0.0606689453125,0.0,0.0,0.0,0.1380615234375,0
0.1170654296875,0.12872314453125,0.0293079958691038,0.04876708984375,0.3245130568880106,0.05816650390625,0.0,0.0,0.0446563708135847,0.14556884765625,0
0.10626220703125,0.101806640625,0.0,0.3211669921875,0.0,0.0648193359375,0.0,0.0,0.0,0.13714599609375,1
0.08868408203125,0.1005859375,0.0,0.614501953125,0.0,0.068603515625,0.0,0.0,0.0,0.1336669921875,1
0.11444091796875,0.1121826171875,0.0,0.41937255859375,0.0,0.0699462890625,0.086221551265849,0.0698566118659279,0.0,0.14678955078125,1
0.0888671875,0.12994384765625,0.0,0.108154296875,0.0359141611191308,0.05853271484375,0.0,0.0,0.0,0.1588134765625,1
0.1007080078125,0.123291015625,0.0,0.3223876953125,0.0385683229865992,0.06195068359375,0.0,0.0,0.0,0.1448974609375,0
0.11407470703125,0.11505126953125,0.1875004657506089,0.0360107421875,0.2366900013031802,0.06109619140625,0.2838756754387274,0.3402194691451679,0.1301078536492157,0.13427734375,0
0.0936279296875,0.09503173828125,0.0,0.62445068359375,0.0,0.06683349609375,0.0,0.0,0.0,0.131591796875,1
0.09765625,0.09661865234375,0.0,0.18115234375,0.0,0.06109619140625,0.0,0.0,0.0,0.1268310546875,1
0.10418701171875,0.12945556640625,0.2713040680923234,0.1041259765625,0.2574238009479738,0.0650634765625,0.0,0.0,0.2730139377543781,0.15625,0
0.100830078125,0.10614013671875,0.0,0.3453369140625,0.0,0.063720703125,0.0536060517801473,0.0445699576944564,0.0,0.1368408203125,1
0.11474609375,0.125244140625,0.1092777990237015,0.1983642578125,0.2483659680051215,0.06201171875,0.0,0.0,0.1911486097854916,0.15008544921875,0
0.08892822265625,0.087158203125,0.0,0.271240234375,0.0,0.06854248046875,0.0,0.0,0.0,0.113037109375,1
0.1275634765625,0.13470458984375,0.0266230854431713,0.03875732421875,0.0,0.05682373046875,0.0326742796262649,0.0379356515448379,0.0272967390244743,0.1551513671875,0
0.10723876953125,0.118896484375,0.0,0.27471923828125,0.2759269854223775,0.06817626953125,0.0,0.0,0.0,0.14935302734375,1
0.09881591796875,0.09869384765625,0.0,0.01715087890625,0.0,0.0726318359375,0.0,0.0,0.0,0.131103515625,1
0.097412109375,0.0994873046875,0.0,0.23211669921875,0.0,0.07147216796875,0.0,0.0,0.0,0.13623046875,1
0.1207275390625,0.1317138671875,0.0,0.04150390625,0.0,0.06494140625,0.0369018596639887,0.0414671732846461,0.0,0.14453125,0
0.10302734375,0.1129150390625,0.0,0.212646484375,0.0,0.06695556640625,0.0,0.0,0.0,0.13897705078125,1
0.11419677734375,0.1231689453125,0.0351520937314046,0.1348876953125,0.1416471943968553,0.06280517578125,0.0,0.0,0.033379158465474,0.14599609375,0
0.115966796875,0.12042236328125,0.0,0.28424072265625,0.1934607620658377,0.06988525390625,0.0,0.0,0.0,0.14678955078125,0
0.110595703125,0.12176513671875,0.0974616301130112,0.23980712890625,0.3293274829059954,0.06536865234375,0.0,0.0,0.087549556191874,0.14599609375,0
0.078369140625,0.09234619140625,0.0,0.54791259765625,0.0,0.07391357421875,0.0,0.0,0.0,0.138671875,1
0.091796875,0.08990478515625,0.0,0.64642333984375,0.0,0.07135009765625,0.0,0.0,0.0,0.130126953125,1
0.118408203125,0.13592529296875,0.2604278811525657,0.0455322265625,0.0214835103996247,0.0538330078125,0.0,0.0,0.2662565849995634,0.15789794921875,0
0.1219482421875,0.1368408203125,0.0475997295127837,0.0255126953125,0.0,0.05718994140625,0.0,0.0,0.0720258824707887,0.15716552734375,0
0.09295654296875,0.10284423828125,0.0,0.48565673828125,0.0,0.06982421875,0.0,0.0,0.0,0.13580322265625,1
0.097412109375,0.10394287109375,0.0,0.3939208984375,0.0,0.06988525390625,0.0,0.0,0.0,0.140625,1
0.1192626953125,0.12872314453125,0.0,0.0087890625,0.0653352130059191,0.06011962890625,0.0502591302002213,0.0527485736150723,0.0,0.1485595703125,0
0.097412109375,0.107421875,0.0,0.5267333984375,0.0848473925412101,0.0709228515625,0.0,0.0,0.0,0.1368408203125,1
0.09173583984375,0.1016845703125,0.0,0.19073486328125,0.0,0.06927490234375,0.0,0.0,0.0,0.1363525390625,1
0.09893798828125,0.11212158203125,0.0,0.4024658203125,0.0774542182529534,0.071533203125,0.0,0.0,0.0,0.147216796875,1
0.0950927734375,0.099853515625,0.0,0.64044189453125,0.0,0.06512451171875,0.0,0.0,0.0,0.13250732421875,1
0.095947265625,0.103759765625,0.0,0.20843505859375,0.0,0.06890869140625,0.0,0.0,0.0,0.1365966796875,1
0.11328125,0.12738037109375,0.0,0.13427734375,0.0563364508977376,0.06146240234375,0.0,0.0,0.0,0.1507568359375,0
0.104736328125,0.10638427734375,0.0,0.06085205078125,0.0,0.07025146484375,0.0,0.0,0.0,0.13922119140625,1
0.10003662109375,0.104248046875,0.0,0.07501220703125,0.0,0.07379150390625,0.0,0.0,0.0,0.130615234375,1
0.09228515625,0.0965576171875,0.0,0.5201416015625,0.0,0.06903076171875,0.0,0.0,0.0,0.12713623046875,1
0.10552978515625,0.11663818359375,0.1718050328425433,0.37823486328125,0.2506615634670317,0.06732177734375,0.1411305858892235,0.1428656086258866,0.1243742918998735,0.1466064453125,0
0.10479736328125,0.12188720703125,0.0,0.4998779296875,0.172016534465981,0.07135009765625,0.0,0.0,0.0,0.154296875,1
0.12469482421875,0.12432861328125,0.0,0.0,0.0,0.06927490234375,0.0,0.0,0.0,0.147216796875,0
0.121826171875,0.1290283203125,0.0556223636672656,0.027099609375,0.0,0.05841064453125,0.2157287066591351,0.2334872749732366,0.0697984828218497,0.14556884765625,0
0.097900390625,0.10931396484375,0.0,0.10968017578125,0.0,0.07049560546875,0.0,0.0,0.0,0.13568115234375,1
0.1016845703125,0.1103515625,0.0,0.40106201171875,0.0,0.0657958984375,0.0,0.0,0.0,0.14044189453125,1
0.0921630859375,0.10968017578125,0.0,0.52276611328125,0.1129635943435239,0.06536865234375,0.0,0.0,0.0,0.14129638671875,1
0.13800048828125,0.1336669921875,0.0651494806865303,0.09844970703125,0.2303813904287103,0.0587158203125,0.1848745360600948,0.107936087996383,0.0975721131666834,0.16162109375,0
0.1473388671875,0.14178466796875,0.024692466600261,0.0,0.0575070401648497,0.05792236328125,0.0792844126871893,0.117780236331008,0.0212994124395782,0.16259765625,0
0.122802734375,0.1275634765625,0.408748559839953,0.1302490234375,0.0963709933009921,0.06207275390625,0.2599312069885939,0.1861804979830182,0.3770284235380631,0.1497802734375,0
0.11505126953125,0.12554931640625,0.0909311604928865,0.40234375,0.0,0.06036376953125,0.0885585856959981,0.1218636374375987,0.0558802334214016,0.15423583984375,0
0.1077880859375,0.1224365234375,0.0,0.393310546875,0.2619370572132236,0.0628662109375,0.0,0.0,0.0,0.14654541015625,0
0.09918212890625,0.1014404296875,0.0,0.49725341796875,0.0,0.0660400390625,0.0,0.0,0.0,0.13531494140625,1
0.1070556640625,0.1187744140625,0.0,0.1907958984375,0.2170999204222754,0.06207275390625,0.0,0.0,0.0,0.13848876953125,0
0.0843505859375,0.107666015625,0.0,0.55841064453125,0.0,0.06158447265625,0.0,0.0,0.0,0.13629150390625,1
0.10443115234375,0.11138916015625,0.0,0.5535888671875,0.0,0.06939697265625,0.0,0.0,0.0,0.1431884765625,1
0.1195068359375,0.13409423828125,0.0236080057575197,0.01214599609375,0.2677086596352341,0.057861328125,0.1218132610957583,0.1519747630098095,0.0253866514843503,0.14727783203125,0
0.0902099609375,0.105224609375,0.0,0.05718994140625,0.0,0.07427978515625,0.0604824481471743,0.0572448239609082,0.0,0.1412353515625,1
0.107421875,0.11761474609375,0.0516025488274362,0.44635009765625,0.0,0.0662841796875,0.0,0.0,0.056016396339796,0.14825439453125,1
0.11761474609375,0.124755859375,0.0525356195148606,0.20989990234375,0.0551775137832323,0.06280517578125,0.0,0.0,0.0378030669492361,0.1558837890625,0
0.1298828125,0.128662109375,0.0129025967745098,0.0015869140625,0.0649302956109271,0.06121826171875,0.0306491541798796,0.030216957249749,0.0195047539434645,0.14776611328125,0
0.0853271484375,0.0994873046875,0.0,0.43316650390625,0.0,0.07257080078125,0.0,0.0,0.0,0.1439208984375,1
0.10162353515625,0.1236572265625,0.1498584398742791,0.10333251953125,0.055401973776644,0.0594482421875,0.0939063408929451,0.0915727538223673,0.1543289708475533,0.14080810546875,0
0.085693359375,0.097412109375,0.0,0.52557373046875,0.0,0.05804443359375,0.0,0.0,0.0,0.13177490234375,1
0.12652587890625,0.1297607421875,0.0469967569770464,0.05303955078125,0.0468978488944333,0.060302734375,0.0694121577362738,0.065880751241096,0.0339815491987256,0.15283203125,0
0.1014404296875,0.0987548828125,0.0,0.47589111328125,0.0,0.07012939453125,0.0,0.0,0.0,0.13946533203125,1
0.09844970703125,0.11700439453125,0.0872474516044205,0.0870361328125,0.0,0.06329345703125,0.0,0.0,0.1120988346152045,0.14593505859375,0
0.08331298828125,0.09124755859375,0.0,0.6273193359375,0.0,0.0755615234375,0.0,0.0,0.0,0.13482666015625,1
0.09527587890625,0.1129150390625,0.0,0.33624267578125,0.0,0.06787109375,0.0,0.0,0.0,0.14678955078125,1
0.09405517578125,0.1002197265625,0.0,0.60809326171875,0.0,0.07073974609375,0.0,0.0,0.0,0.1385498046875,1
0.09246826171875,0.09423828125,0.0,0.64996337890625,0.0,0.06610107421875,0.0,0.0,0.0,0.1318359375,1
0.12945556640625,0.1295166015625,0.0,0.04217529296875,0.0794103705056055,0.05804443359375,0.1005736454393324,0.1351182448479753,0.0,0.16009521484375,0
0.09454345703125,0.0909423828125,0.0,0.55364990234375,0.0,0.0635986328125,0.0,0.0,0.0,0.12530517578125,1
0.09442138671875,0.101806640625,0.0,0.59686279296875,0.0,0.0634765625,0.0,0.0,0.0,0.13775634765625,1
0.0936279296875,0.11865234375,0.0,0.1673583984375,0.0,0.0677490234375,0.0,0.0,0.0,0.1473388671875,1
0.13140869140625,0.13763427734375,0.0,0.07098388671875,0.1510014910344844,0.0584716796875,0.0,0.0,0.0,0.16485595703125,0
0.11639404296875,0.12420654296875,0.115059876718227,0.15740966796875,0.0363908728140425,0.06280517578125,0.02082953559024,0.0196097610499871,0.1051566378039229,0.14849853515625,0
0.0950927734375,0.099853515625,0.0,0.2999267578125,0.0572540301963431,0.0743408203125,0.0776000974031922,0.0624339419670076,0.0,0.14154052734375,1
0.08642578125,0.10345458984375,0.0,0.27886962890625,0.0,0.06231689453125,0.0,0.0,0.0,0.13519287109375,1
0.1148681640625,0.12786865234375,0.1261407229365385,0.28582763671875,0.0,0.0645751953125,0.2354657773891078,0.1985820032524296,0.1129735578528103,0.14837646484375,0
0.10186767578125,0.108642578125,0.0,0.3983154296875,0.0,0.06817626953125,0.0,0.0,0.0,0.140625,1
0.10516357421875,0.1058349609375,0.0,0.01513671875,0.0420801977856452,0.06561279296875,0.0,0.0,0.0,0.1358642578125,0
0.0980224609375,0.10205078125,0.0,0.46826171875,0.0,0.07501220703125,0.0,0.0,0.0,0.14105224609375,1
0.1270751953125,0.12548828125,0.1965068590079354,0.0252685546875,0.1032551902009803,0.05377197265625,0.0360379817543503,0.0371412560828888,0.2433210520035935,0.15020751953125,0
0.07342529296875,0.0848388671875,0.0,0.6513671875,0.0,0.05914306640625,0.0,0.0,0.0,0.11920166015625,1
0.11480712890625,0.13055419921875,0.2766452444267965,0.10247802734375,0.0646369935181077,0.0625,0.0,0.0,0.2739246536917044,0.14324951171875,0
0.09393310546875,0.11517333984375,0.3208602361324688,0.13525390625,0.0,0.05975341796875,0.0544702821918271,0.0530736676803484,0.231405469807681,0.1356201171875,1
0.0994873046875,0.1143798828125,0.0,0.2869873046875,0.0,0.06854248046875,0.0,0.0,0.0,0.13916015625,1
0.09130859375,0.104736328125,0.0,0.56689453125,0.0,0.06707763671875,0.0,0.0,0.0,0.142822265625,1
0.10162353515625,0.11016845703125,0.0,0.16156005859375,0.0,0.06988525390625,0.0,0.0,0.0,0.13720703125,1
0.09710693359375,0.100830078125,0.0,0.5224609375,0.0975114876983714,0.07147216796875,0.0,0.0,0.0,0.13555908203125,1
0.094482421875,0.093505859375,0.0,0.1171875,0.0623475527165772,0.06683349609375,0.0,0.0,0.0,0.1234130859375,1
0.088623046875,0.1146240234375,0.1320179951840361,0.09967041015625,0.0,0.059814453125,0.2928061222590206,0.263312373314792,0.1181016350187192,0.14306640625,1
0.11138916015625,0.1258544921875,0.0,0.22479248046875,0.2798387265594712,0.0626220703125,0.0,0.0,0.0,0.153076171875,1
0.08642578125,0.11700439453125,0.0,0.4556884765625,0.0,0.067626953125,0.0,0.0,0.0,0.15374755859375,1
0.090087890625,0.09222412109375,0.0,0.25,0.0,0.06591796875,0.0,0.0,0.0,0.12750244140625,1
0.0924072265625,0.097412109375,0.0,0.634033203125,0.0,0.068115234375,0.0,0.0,0.0,0.13128662109375,1
0.10406494140625,0.112548828125,0.0,0.25469970703125,0.2702166784917091,0.067138671875,0.0,0.0,0.0,0.1396484375,0
0.11761474609375,0.12115478515625,0.1222244193158932,0.106689453125,0.3220998932178617,0.06036376953125,0.0,0.0,0.108340335571504,0.14337158203125,0
0.11773681640625,0.126953125,0.1258936952637845,0.14520263671875,0.3132874819153913,0.06298828125,0.0,0.0,0.1325072996660488,0.1544189453125,0
0.1187744140625,0.12744140625,0.0,0.12841796875,0.1362533652391158,0.06317138671875,0.0494729809630672,0.0408515774735577,0.0,0.15032958984375,0
0.1024169921875,0.1123046875,0.0,0.2725830078125,0.0,0.0623779296875,0.0,0.0,0.0,0.14434814453125,1
0.083740234375,0.10150146484375,0.0,0.37872314453125,0.0,0.07305908203125,0.0,0.0,0.0,0.1400146484375,1
0.10107421875,0.12811279296875,0.0,6.103515625e-05,0.0,0.0615234375,0.0,0.0,0.0,0.1531982421875,0
0.104736328125,0.1134033203125,0.0,0.24951171875,0.0,0.067138671875,0.0,0.0,0.0,0.141357421875,1
0.10076904296875,0.10211181640625,0.0,0.28448486328125,0.0,0.06793212890625,0.0,0.0,0.0,0.13153076171875,1
0.119140625,0.1171875,0.0,0.34613037109375,0.0,0.0645751953125,0.0,0.0,0.0,0.15338134765625,0
0.09625244140625,0.107666015625,0.0,0.309814453125,0.0,0.071044921875,0.0,0.0,0.0,0.1409912109375,1
0.0882568359375,0.1180419921875,0.0,0.23345947265625,0.0,0.0657958984375,0.0,0.0,0.0,0.15301513671875,1
0.1058349609375,0.1090087890625,0.0,0.3043212890625,0.2439646026679639,0.0716552734375,0.0,0.0,0.0,0.13983154296875,1
0.08465576171875,0.09332275390625,0.0,0.66192626953125,0.0580594284521696,0.06884765625,0.0,0.0,0.0,0.13507080078125,1
0.10491943359375,0.116943359375,0.0615472151190362,0.0445556640625,0.0,0.0582275390625,0.0,0.0,0.0532477038185368,0.14617919921875,1
0.09698486328125,0.117919921875,0.0,0.04144287109375,0.0566673383539693,0.05926513671875,0.0,0.0,0.0,0.140380859375,0
0.09759521484375,0.10345458984375,0.0,0.38006591796875,0.0,0.0643310546875,0.0,0.0,0.0,0.1358642578125,1
0.08575439453125,0.095458984375,0.0,0.58270263671875,0.0594775820494849,0.07415771484375,0.0,0.0,0.0,0.13818359375,1
0.0938720703125,0.101318359375,0.0,0.3333740234375,0.0,0.074462890625,0.0,0.0,0.0,0.1412353515625,1
0.08746337890625,0.0860595703125,0.0,0.5618896484375,0.0,0.0703125,0.0,0.0,0.0,0.1265869140625,1
0.13311767578125,0.133544921875,0.0213674100686766,0.26318359375,0.1127201809617934,0.0555419921875,0.2667356174346532,0.2257951924165757,0.0173131420561243,0.16339111328125,0
0.12896728515625,0.12744140625,0.1200560131800952,0.0196533203125,0.0728235743620808,0.06439208984375,0.2111368978595777,0.158772120005008,0.113491369647076,0.146484375,0
0.093017578125,0.10223388671875,0.0,0.55877685546875,0.0,0.06646728515625,0.0,0.0,0.0,0.140625,1
0.1141357421875,0.12396240234375,0.0425896203108498,0.14776611328125,0.0959024812324666,0.0618896484375,0.1062296091016241,0.0975124158440383,0.0413615155657513,0.150146484375,0
0.12176513671875,0.14404296875,0.2188605741010849,0.0,0.3052575138604493,0.052978515625,0.1093101439886915,0.1646834752549017,0.1924201295656802,0.15985107421875,0
0.0963134765625,0.1185302734375,0.0,0.1527099609375,0.0,0.0616455078125,0.0,0.0,0.0,0.1395263671875,0
0.13250732421875,0.140380859375,0.0499010180535387,0.00189208984375,0.269238002207761,0.0504150390625,0.2254516214306637,0.1884734768587757,0.0521162716176062,0.16473388671875,0
0.1038818359375,0.12109375,0.0,0.099609375,0.1008030754471899,0.0611572265625,0.0,0.0,0.0,0.14727783203125,1
0.1143798828125,0.12225341796875,0.0,0.20648193359375,0.3005760725282655,0.06317138671875,0.0,0.0,0.0,0.14727783203125,0
0.09332275390625,0.0985107421875,0.0,0.5858154296875,0.0,0.06396484375,0.0,0.0,0.0,0.12982177734375,1
0.100341796875,0.10577392578125,0.0,0.5848388671875,0.0,0.06781005859375,0.0,0.0,0.0,0.13995361328125,1
0.1016845703125,0.1024169921875,0.0,0.29669189453125,0.0505974268153635,0.06890869140625,0.0,0.0,0.0,0.13189697265625,1
0.116455078125,0.13995361328125,0.0813579461612316,0.12823486328125,0.3045480721605819,0.0556640625,0.0,0.0,0.0654374456673051,0.15362548828125,0
0.12506103515625,0.11883544921875,0.0,0.3521728515625,0.0,0.0634765625,0.0,0.0,0.0,0.148681640625,0
0.12286376953125,0.1248779296875,0.0,0.3282470703125,0.0563552799298215,0.06146240234375,0.0333651075767701,0.0411094909257962,0.0,0.14990234375,0
0.10650634765625,0.1231689453125,0.1277295253032273,0.0887451171875,0.0458323909328344,0.0625,0.0,0.0,0.1641855833094538,0.14947509765625,0
0.10345458984375,0.1246337890625,0.0,0.1009521484375,0.0,0.06671142578125,0.0,0.0,0.0,0.143798828125,1
0.123779296875,0.13800048828125,0.0518532879637769,0.07708740234375,0.0412932230211974,0.05364990234375,0.1613815560679972,0.1660328226572303,0.0524375122176709,0.1473388671875,0
0.113525390625,0.12786865234375,0.0,0.31268310546875,0.0,0.0604248046875,0.0,0.0,0.0,0.1500244140625,0
0.11761474609375,0.133544921875,0.0,0.01446533203125,0.0310881420588984,0.053466796875,0.1150972990443562,0.1390103745618703,0.0,0.15179443359375,0
0.113525390625,0.122314453125,0.1704861947947109,0.02703857421875,0.1719960003170846,0.06689453125,0.2127117578062341,0.1548221478275765,0.2403569436645477,0.147216796875,0
0.0992431640625,0.1329345703125,0.2591747857932502,0.0635986328125,0.0,0.0576171875,0.2641744552228352,0.301031576670092,0.2320809022601843,0.15667724609375,0
0.12420654296875,0.1143798828125,0.0,0.0123291015625,0.0,0.06591796875,0.0,0.0,0.0,0.14996337890625,0
0.1109619140625,0.11029052734375,0.0,0.39520263671875,0.0493875316608929,0.06500244140625,0.0,0.0,0.0,0.13800048828125,0
0.1082763671875,0.12969970703125,0.0895657166237147,0.09210205078125,0.2730059492942498,0.06298828125,0.0210266365530408,0.0592872046794903,0.1130689848251626,0.15069580078125,0
0.087646484375,0.09002685546875,0.0,0.38702392578125,0.0,0.06787109375,0.0,0.0,0.0,0.1202392578125,1
0.0875244140625,0.11138916015625,0.0,0.17852783203125,0.0864859599991639,0.062255859375,0.0,0.0,0.0,0.14080810546875,1
0.1192626953125,0.12030029296875,0.1626066294875051,0.10693359375,0.2085933569805889,0.05743408203125,0.1510483474101328,0.1155408539545733,0.1650587800703619,0.1370849609375,0
0.08984375,0.0914306640625,0.0,0.614013671875,0.0,0.07000732421875,0.0,0.0,0.0,0.12640380859375,1
0.10565185546875,0.11322021484375,0.0,0.08502197265625,0.0,0.06378173828125,0.0,0.0,0.0,0.13714599609375,1
0.107666015625,0.12139892578125,0.0,0.07220458984375,0.285081203719594,0.062255859375,0.1095535496262447,0.077434960080603,0.0,0.14300537109375,0
0.0885009765625,0.09844970703125,0.0,0.58587646484375,0.0,0.07220458984375,0.0,0.0,0.0,0.13214111328125,1
0.09283447265625,0.11578369140625,0.0,0.3155517578125,0.0,0.06866455078125,0.0,0.0,0.0,0.14739990234375,1
0.09210205078125,0.09124755859375,0.0,0.66204833984375,0.0,0.06689453125,0.0,0.0,0.0,0.12188720703125,1
0.12060546875,0.1229248046875,0.0399000974415069,0.0537109375,0.1028052050253523,0.06109619140625,0.0,0.0,0.0449679841687878,0.14813232421875,0
0.11541748046875,0.132080078125,0.0899033251350988,0.053466796875,0.0120111977523911,0.06158447265625,0.0521433685995156,0.066143861187431,0.0593888701795571,0.153564453125,0
0.11212158203125,0.12286376953125,0.2595188760655983,0.14215087890625,0.2943086751182449,0.066650390625,0.0265527709202968,0.0272391640895515,0.2586339885167798,0.14190673828125,0
0.10107421875,0.10662841796875,0.0,0.21307373046875,0.0,0.072021484375,0.0,0.0,0.0,0.14263916015625,1
0.09326171875,0.0985107421875,0.1196028305122594,0.25860595703125,0.0,0.07354736328125,0.1665813725041768,0.1980000032231525,0.088481444055638,0.131591796875,1
0.07708740234375,0.09912109375,0.0,0.56353759765625,0.0,0.0635986328125,0.0,0.0,0.0,0.1373291015625,1
0.0982666015625,0.10858154296875,0.0,0.513916015625,0.0,0.06195068359375,0.0,0.0,0.0,0.13885498046875,1
0.1080322265625,0.1204833984375,0.0,0.140625,0.1002670541985,0.06329345703125,0.0,0.0,0.0,0.14361572265625,1
0.08447265625,0.10345458984375,0.0,0.45220947265625,0.0,0.062744140625,0.0,0.0,0.0,0.1280517578125,1
0.118896484375,0.12481689453125,0.0973692373747706,0.1146240234375,0.1133368637633912,0.06439208984375,0.2491570079251874,0.2556878551335328,0.0990491837534029,0.1478271484375,0
0.11529541015625,0.12322998046875,0.0,0.1983642578125,0.0118315464523785,0.06378173828125,0.0,0.0,0.0,0.145751953125,1
0.09075927734375,0.08721923828125,0.0,0.640625,0.0,0.0694580078125,0.0,0.0,0.0,0.12396240234375,1
0.111083984375,0.1287841796875,0.0397090996575827,0.348388671875,0.0,0.0628662109375,0.1333221474646072,0.1171367803732959,0.0551865898669334,0.15618896484375,1
0.13140869140625,0.13037109375,0.1500028061107976,0.0079345703125,0.1634466809314668,0.061767578125,0.1581183078351323,0.1720398537243004,0.1711934944609911,0.1497802734375,0
0.09552001953125,0.10260009765625,0.0,0.6148681640625,0.0,0.0694580078125,0.0,0.0,0.0,0.14044189453125,1
0.091552734375,0.12359619140625,0.0,0.19317626953125,0.2761194496955603,0.05938720703125,0.0,0.0,0.0,0.1453857421875,1
0.123779296875,0.132568359375,0.0,0.13006591796875,0.1657919962143266,0.06036376953125,0.1048162553685712,0.1245041950197192,0.0,0.1485595703125,0
0.11029052734375,0.11981201171875,0.033478729969182,0.12603759765625,0.0,0.0618896484375,0.0,0.0,0.0370006780388949,0.14349365234375,0
0.084716796875,0.07440185546875,0.0,0.1507568359375,0.081124506249067,0.06317138671875,0.0563477407594512,0.0621907997058779,0.0,0.1064453125,1
0.08905029296875,0.08795166015625,0.0,0.322265625,0.0380373748215637,0.06768798828125,0.0,0.0,0.0,0.11712646484375,1
0.09613037109375,0.1270751953125,0.0,0.2509765625,0.2984930328394163,0.0606689453125,0.2666337201146503,0.2732553431487953,0.0,0.14605712890625,0
0.1063232421875,0.13232421875,0.2366598031524753,0.11920166015625,0.0,0.05377197265625,0.276079584815056,0.2126599248835409,0.2185171096980373,0.14703369140625,0
0.096923828125,0.099853515625,0.0,0.57763671875,0.0,0.06793212890625,0.0,0.0,0.0,0.1348876953125,1
0.07147216796875,0.08758544921875,0.0,0.6558837890625,0.0,0.06103515625,0.0,0.0,0.0,0.125244140625,1
0.09527587890625,0.109375,0.1041656112764265,0.38482666015625,0.0,0.0697021484375,0.073359064694449,0.0803405974486022,0.1231008223562169,0.14471435546875,1
0.10174560546875,0.110107421875,0.0,0.4273681640625,0.2821632254525825,0.06341552734375,0.0,0.0,0.0,0.1395263671875,1
0.10205078125,0.113525390625,0.0,0.08184814453125,0.0,0.06866455078125,0.0,0.0,0.0,0.14453125,1
0.1119384765625,0.12847900390625,0.0859620897614942,0.1092529296875,0.1551203920399776,0.06097412109375,0.0,0.0,0.1719878009972647,0.153076171875,0
0.0897216796875,0.09539794921875,0.0,0.64593505859375,0.0,0.07244873046875,0.0,0.0,0.0,0.130859375,1
0.10882568359375,0.1116943359375,0.0366216220678698,0.02093505859375,0.0,0.06573486328125,0.0,0.0,0.0392727786886527,0.14617919921875,1
0.09619140625,0.101318359375,0.0,0.44561767578125,0.0,0.0679931640625,0.0,0.0,0.0,0.13397216796875,1
0.114501953125,0.12994384765625,0.0496673842657118,0.00042724609375,0.0713168017050401,0.06243896484375,0.0,0.0,0.0610318759991798,0.14947509765625,0
0.0972900390625,0.107421875,0.0,0.2525634765625,0.0,0.0675048828125,0.0,0.0,0.0,0.135009765625,1
0.094482421875,0.09906005859375,0.0,0.62451171875,0.0413288625532596,0.0699462890625,0.0,0.0,0.0,0.13031005859375,1
0.135498046875,0.1181640625,0.2872826287161686,0.10235595703125,0.0483267766464794,0.0589599609375,0.0659721406433903,0.1080986713642162,0.2379131276525032,0.15106201171875,0
0.10113525390625,0.10601806640625,0.0,0.268310546875,0.0,0.07037353515625,0.0,0.0,0.0,0.14007568359375,1
0.0950927734375,0.10211181640625,0.0,0.3094482421875,0.112508444324977,0.0654296875,0.0,0.0,0.0,0.13177490234375,1
0.1219482421875,0.12799072265625,0.0354405161188344,0.1134033203125,0.2256438880333644,0.06451416015625,0.0,0.0,0.0380635216992887,0.14385986328125,0
0.113525390625,0.1136474609375,0.0,0.1673583984375,0.0,0.06842041015625,0.1143128062616656,0.117460946318751,0.0,0.14459228515625,0
0.08612060546875,0.09014892578125,0.0,0.59735107421875,0.0,0.06622314453125,0.0,0.0,0.0,0.1224365234375,1
0.08203125,0.09130859375,0.0,0.60369873046875,0.0,0.06903076171875,0.0,0.0,0.0,0.13311767578125,1
0.092529296875,0.092041015625,0.0,0.45751953125,0.0,0.06695556640625,0.0,0.0,0.0,0.1297607421875,1
0.09527587890625,0.10174560546875,0.0529663946078825,0.134033203125,0.0,0.06658935546875,0.0,0.0,0.0555968504672663,0.13861083984375,1
0.09869384765625,0.10418701171875,0.0656055183931734,0.55224609375,0.0,0.07135009765625,0.0,0.0,0.0701054793246885,0.134033203125,1
0.10308837890625,0.13116455078125,0.2542694238883945,0.06024169921875,0.054100394568541,0.06109619140625,0.0,0.0,0.2279803923007777,0.14764404296875,0
